mes_cierre,alcaldia,categoria_etiqueta,total_incidentes,promedio_mensual_categoria
2021-01-01,ALVARO OBREGON,DELITO,1492,1547.5882352941176
2021-02-01,ALVARO OBREGON,DELITO,1523,1547.5882352941176
2021-03-01,ALVARO OBREGON,DELITO,1649,1547.5882352941176
2021-04-01,ALVARO OBREGON,DELITO,1671,1547.5882352941176
2021-05-01,ALVARO OBREGON,DELITO,1631,1547.5882352941176
2021-06-01,ALVARO OBREGON,DELITO,1289,1547.5882352941176
2021-07-01,ALVARO OBREGON,DELITO,1604,1547.5882352941176
2021-08-01,ALVARO OBREGON,DELITO,1732,1547.5882352941176
2021-09-01,ALVARO OBREGON,DELITO,2071,1547.5882352941176
2021-10-01,ALVARO OBREGON,DELITO,1780,1547.5882352941176
2021-11-01,ALVARO OBREGON,DELITO,1637,1547.5882352941176
2021-12-01,ALVARO OBREGON,DELITO,1833,1547.5882352941176
2022-01-01,ALVARO OBREGON,DELITO,1460,1547.5882352941176
2022-02-01,ALVARO OBREGON,DELITO,1492,1547.5882352941176
2022-03-01,ALVARO OBREGON,DELITO,1741,1547.5882352941176
2022-04-01,ALVARO OBREGON,DELITO,1675,1547.5882352941176
2022-05-01,ALVARO OBREGON,DELITO,29,1547.5882352941176
2021-01-01,ALVARO OBREGON,EMERGENCIA,754,788.4117647058823
2021-02-01,ALVARO OBREGON,EMERGENCIA,1932,788.4117647058823
2021-03-01,ALVARO OBREGON,EMERGENCIA,1408,788.4117647058823
2021-04-01,ALVARO OBREGON,EMERGENCIA,1437,788.4117647058823
2021-05-01,ALVARO OBREGON,EMERGENCIA,631,788.4117647058823
2021-06-01,ALVARO OBREGON,EMERGENCIA,498,788.4117647058823
2021-07-01,ALVARO OBREGON,EMERGENCIA,527,788.4117647058823
2021-08-01,ALVARO OBREGON,EMERGENCIA,643,788.4117647058823
2021-09-01,ALVARO OBREGON,EMERGENCIA,717,788.4117647058823
2021-10-01,ALVARO OBREGON,EMERGENCIA,571,788.4117647058823
2021-11-01,ALVARO OBREGON,EMERGENCIA,600,788.4117647058823
2021-12-01,ALVARO OBREGON,EMERGENCIA,654,788.4117647058823
2022-01-01,ALVARO OBREGON,EMERGENCIA,608,788.4117647058823
2022-02-01,ALVARO OBREGON,EMERGENCIA,581,788.4117647058823
2022-03-01,ALVARO OBREGON,EMERGENCIA,1061,788.4117647058823
2022-04-01,ALVARO OBREGON,EMERGENCIA,780,788.4117647058823
2022-05-01,ALVARO OBREGON,EMERGENCIA,1,788.4117647058823
2021-01-01,ALVARO OBREGON,FALSA ALARMA,0,1.6470588235294117
2021-02-01,ALVARO OBREGON,FALSA ALARMA,0,1.6470588235294117
2021-03-01,ALVARO OBREGON,FALSA ALARMA,26,1.6470588235294117
2021-04-01,ALVARO OBREGON,FALSA ALARMA,0,1.6470588235294117
2021-05-01,ALVARO OBREGON,FALSA ALARMA,0,1.6470588235294117
2021-06-01,ALVARO OBREGON,FALSA ALARMA,0,1.6470588235294117
2021-07-01,ALVARO OBREGON,FALSA ALARMA,0,1.6470588235294117
2021-08-01,ALVARO OBREGON,FALSA ALARMA,0,1.6470588235294117
2021-09-01,ALVARO OBREGON,FALSA ALARMA,1,1.6470588235294117
2021-10-01,ALVARO OBREGON,FALSA ALARMA,0,1.6470588235294117
2021-11-01,ALVARO OBREGON,FALSA ALARMA,0,1.6470588235294117
2021-12-01,ALVARO OBREGON,FALSA ALARMA,0,1.6470588235294117
2022-01-01,ALVARO OBREGON,FALSA ALARMA,1,1.6470588235294117
2022-02-01,ALVARO OBREGON,FALSA ALARMA,0,1.6470588235294117
2022-03-01,ALVARO OBREGON,FALSA ALARMA,0,1.6470588235294117
2022-04-01,ALVARO OBREGON,FALSA ALARMA,0,1.6470588235294117
2022-05-01,ALVARO OBREGON,FALSA ALARMA,0,1.6470588235294117
2021-01-01,ALVARO OBREGON,FALTA CÍVICA,3191,1844.1764705882354
2021-02-01,ALVARO OBREGON,FALTA CÍVICA,2964,1844.1764705882354
2021-03-01,ALVARO OBREGON,FALTA CÍVICA,2660,1844.1764705882354
2021-04-01,ALVARO OBREGON,FALTA CÍVICA,2682,1844.1764705882354
2021-05-01,ALVARO OBREGON,FALTA CÍVICA,2250,1844.1764705882354
2021-06-01,ALVARO OBREGON,FALTA CÍVICA,1579,1844.1764705882354
2021-07-01,ALVARO OBREGON,FALTA CÍVICA,1685,1844.1764705882354
2021-08-01,ALVARO OBREGON,FALTA CÍVICA,1919,1844.1764705882354
2021-09-01,ALVARO OBREGON,FALTA CÍVICA,1471,1844.1764705882354
2021-10-01,ALVARO OBREGON,FALTA CÍVICA,1844,1844.1764705882354
2021-11-01,ALVARO OBREGON,FALTA CÍVICA,1494,1844.1764705882354
2021-12-01,ALVARO OBREGON,FALTA CÍVICA,1542,1844.1764705882354
2022-01-01,ALVARO OBREGON,FALTA CÍVICA,1283,1844.1764705882354
2022-02-01,ALVARO OBREGON,FALTA CÍVICA,1483,1844.1764705882354
2022-03-01,ALVARO OBREGON,FALTA CÍVICA,1494,1844.1764705882354
2022-04-01,ALVARO OBREGON,FALTA CÍVICA,1803,1844.1764705882354
2022-05-01,ALVARO OBREGON,FALTA CÍVICA,7,1844.1764705882354
2021-01-01,ALVARO OBREGON,SERVICIO,1736,1904.2941176470588
2021-02-01,ALVARO OBREGON,SERVICIO,1805,1904.2941176470588
2021-03-01,ALVARO OBREGON,SERVICIO,2061,1904.2941176470588
2021-04-01,ALVARO OBREGON,SERVICIO,2089,1904.2941176470588
2021-05-01,ALVARO OBREGON,SERVICIO,2250,1904.2941176470588
2021-06-01,ALVARO OBREGON,SERVICIO,2018,1904.2941176470588
2021-07-01,ALVARO OBREGON,SERVICIO,2081,1904.2941176470588
2021-08-01,ALVARO OBREGON,SERVICIO,2370,1904.2941176470588
2021-09-01,ALVARO OBREGON,SERVICIO,2258,1904.2941176470588
2021-10-01,ALVARO OBREGON,SERVICIO,2141,1904.2941176470588
2021-11-01,ALVARO OBREGON,SERVICIO,1935,1904.2941176470588
2021-12-01,ALVARO OBREGON,SERVICIO,1932,1904.2941176470588
2022-01-01,ALVARO OBREGON,SERVICIO,1754,1904.2941176470588
2022-02-01,ALVARO OBREGON,SERVICIO,1671,1904.2941176470588
2022-03-01,ALVARO OBREGON,SERVICIO,2140,1904.2941176470588
2022-04-01,ALVARO OBREGON,SERVICIO,2122,1904.2941176470588
2022-05-01,ALVARO OBREGON,SERVICIO,10,1904.2941176470588
2021-01-01,ALVARO OBREGON,URGENCIAS MÉDICAS,1161,1151.5294117647059
2021-02-01,ALVARO OBREGON,URGENCIAS MÉDICAS,973,1151.5294117647059
2021-03-01,ALVARO OBREGON,URGENCIAS MÉDICAS,1162,1151.5294117647059
2021-04-01,ALVARO OBREGON,URGENCIAS MÉDICAS,1239,1151.5294117647059
2021-05-01,ALVARO OBREGON,URGENCIAS MÉDICAS,1187,1151.5294117647059
2021-06-01,ALVARO OBREGON,URGENCIAS MÉDICAS,1170,1151.5294117647059
2021-07-01,ALVARO OBREGON,URGENCIAS MÉDICAS,1337,1151.5294117647059
2021-08-01,ALVARO OBREGON,URGENCIAS MÉDICAS,1275,1151.5294117647059
2021-09-01,ALVARO OBREGON,URGENCIAS MÉDICAS,1395,1151.5294117647059
2021-10-01,ALVARO OBREGON,URGENCIAS MÉDICAS,1228,1151.5294117647059
2021-11-01,ALVARO OBREGON,URGENCIAS MÉDICAS,1352,1151.5294117647059
2021-12-01,ALVARO OBREGON,URGENCIAS MÉDICAS,1321,1151.5294117647059
2022-01-01,ALVARO OBREGON,URGENCIAS MÉDICAS,1219,1151.5294117647059
2022-02-01,ALVARO OBREGON,URGENCIAS MÉDICAS,1144,1151.5294117647059
2022-03-01,ALVARO OBREGON,URGENCIAS MÉDICAS,1139,1151.5294117647059
2022-04-01,ALVARO OBREGON,URGENCIAS MÉDICAS,1268,1151.5294117647059
2022-05-01,ALVARO OBREGON,URGENCIAS MÉDICAS,6,1151.5294117647059
2021-01-01,AZCAPOTZALCO,DELITO,959,1006.0588235294117
2021-02-01,AZCAPOTZALCO,DELITO,843,1006.0588235294117
2021-03-01,AZCAPOTZALCO,DELITO,1080,1006.0588235294117
2021-04-01,AZCAPOTZALCO,DELITO,1002,1006.0588235294117
2021-05-01,AZCAPOTZALCO,DELITO,1037,1006.0588235294117
2021-06-01,AZCAPOTZALCO,DELITO,956,1006.0588235294117
2021-07-01,AZCAPOTZALCO,DELITO,1036,1006.0588235294117
2021-08-01,AZCAPOTZALCO,DELITO,1121,1006.0588235294117
2021-09-01,AZCAPOTZALCO,DELITO,1394,1006.0588235294117
2021-10-01,AZCAPOTZALCO,DELITO,1133,1006.0588235294117
2021-11-01,AZCAPOTZALCO,DELITO,1006,1006.0588235294117
2021-12-01,AZCAPOTZALCO,DELITO,1275,1006.0588235294117
2022-01-01,AZCAPOTZALCO,DELITO,1092,1006.0588235294117
2022-02-01,AZCAPOTZALCO,DELITO,875,1006.0588235294117
2022-03-01,AZCAPOTZALCO,DELITO,1118,1006.0588235294117
2022-04-01,AZCAPOTZALCO,DELITO,1159,1006.0588235294117
2022-05-01,AZCAPOTZALCO,DELITO,17,1006.0588235294117
2021-01-01,AZCAPOTZALCO,EMERGENCIA,368,398.52941176470586
2021-02-01,AZCAPOTZALCO,EMERGENCIA,304,398.52941176470586
2021-03-01,AZCAPOTZALCO,EMERGENCIA,414,398.52941176470586
2021-04-01,AZCAPOTZALCO,EMERGENCIA,400,398.52941176470586
2021-05-01,AZCAPOTZALCO,EMERGENCIA,446,398.52941176470586
2021-06-01,AZCAPOTZALCO,EMERGENCIA,316,398.52941176470586
2021-07-01,AZCAPOTZALCO,EMERGENCIA,502,398.52941176470586
2021-08-01,AZCAPOTZALCO,EMERGENCIA,426,398.52941176470586
2021-09-01,AZCAPOTZALCO,EMERGENCIA,608,398.52941176470586
2021-10-01,AZCAPOTZALCO,EMERGENCIA,357,398.52941176470586
2021-11-01,AZCAPOTZALCO,EMERGENCIA,347,398.52941176470586
2021-12-01,AZCAPOTZALCO,EMERGENCIA,360,398.52941176470586
2022-01-01,AZCAPOTZALCO,EMERGENCIA,614,398.52941176470586
2022-02-01,AZCAPOTZALCO,EMERGENCIA,354,398.52941176470586
2022-03-01,AZCAPOTZALCO,EMERGENCIA,511,398.52941176470586
2022-04-01,AZCAPOTZALCO,EMERGENCIA,448,398.52941176470586
2022-05-01,AZCAPOTZALCO,EMERGENCIA,0,398.52941176470586
2021-01-01,AZCAPOTZALCO,FALSA ALARMA,0,1.2352941176470589
2021-02-01,AZCAPOTZALCO,FALSA ALARMA,0,1.2352941176470589
2021-03-01,AZCAPOTZALCO,FALSA ALARMA,21,1.2352941176470589
2021-04-01,AZCAPOTZALCO,FALSA ALARMA,0,1.2352941176470589
2021-05-01,AZCAPOTZALCO,FALSA ALARMA,0,1.2352941176470589
2021-06-01,AZCAPOTZALCO,FALSA ALARMA,0,1.2352941176470589
2021-07-01,AZCAPOTZALCO,FALSA ALARMA,0,1.2352941176470589
2021-08-01,AZCAPOTZALCO,FALSA ALARMA,0,1.2352941176470589
2021-09-01,AZCAPOTZALCO,FALSA ALARMA,0,1.2352941176470589
2021-10-01,AZCAPOTZALCO,FALSA ALARMA,0,1.2352941176470589
2021-11-01,AZCAPOTZALCO,FALSA ALARMA,0,1.2352941176470589
2021-12-01,AZCAPOTZALCO,FALSA ALARMA,0,1.2352941176470589
2022-01-01,AZCAPOTZALCO,FALSA ALARMA,0,1.2352941176470589
2022-02-01,AZCAPOTZALCO,FALSA ALARMA,0,1.2352941176470589
2022-03-01,AZCAPOTZALCO,FALSA ALARMA,0,1.2352941176470589
2022-04-01,AZCAPOTZALCO,FALSA ALARMA,0,1.2352941176470589
2022-05-01,AZCAPOTZALCO,FALSA ALARMA,0,1.2352941176470589
2021-01-01,AZCAPOTZALCO,FALTA CÍVICA,2075,1296.5294117647059
2021-02-01,AZCAPOTZALCO,FALTA CÍVICA,1805,1296.5294117647059
2021-03-01,AZCAPOTZALCO,FALTA CÍVICA,1795,1296.5294117647059
2021-04-01,AZCAPOTZALCO,FALTA CÍVICA,1817,1296.5294117647059
2021-05-01,AZCAPOTZALCO,FALTA CÍVICA,1665,1296.5294117647059
2021-06-01,AZCAPOTZALCO,FALTA CÍVICA,1111,1296.5294117647059
2021-07-01,AZCAPOTZALCO,FALTA CÍVICA,1213,1296.5294117647059
2021-08-01,AZCAPOTZALCO,FALTA CÍVICA,1312,1296.5294117647059
2021-09-01,AZCAPOTZALCO,FALTA CÍVICA,1054,1296.5294117647059
2021-10-01,AZCAPOTZALCO,FALTA CÍVICA,1279,1296.5294117647059
2021-11-01,AZCAPOTZALCO,FALTA CÍVICA,1008,1296.5294117647059
2021-12-01,AZCAPOTZALCO,FALTA CÍVICA,1189,1296.5294117647059
2022-01-01,AZCAPOTZALCO,FALTA CÍVICA,947,1296.5294117647059
2022-02-01,AZCAPOTZALCO,FALTA CÍVICA,1039,1296.5294117647059
2022-03-01,AZCAPOTZALCO,FALTA CÍVICA,1184,1296.5294117647059
2022-04-01,AZCAPOTZALCO,FALTA CÍVICA,1538,1296.5294117647059
2022-05-01,AZCAPOTZALCO,FALTA CÍVICA,10,1296.5294117647059
2021-01-01,AZCAPOTZALCO,SERVICIO,1126,1252.235294117647
2021-02-01,AZCAPOTZALCO,SERVICIO,985,1252.235294117647
2021-03-01,AZCAPOTZALCO,SERVICIO,1363,1252.235294117647
2021-04-01,AZCAPOTZALCO,SERVICIO,1283,1252.235294117647
2021-05-01,AZCAPOTZALCO,SERVICIO,1433,1252.235294117647
2021-06-01,AZCAPOTZALCO,SERVICIO,1456,1252.235294117647
2021-07-01,AZCAPOTZALCO,SERVICIO,1528,1252.235294117647
2021-08-01,AZCAPOTZALCO,SERVICIO,1320,1252.235294117647
2021-09-01,AZCAPOTZALCO,SERVICIO,1500,1252.235294117647
2021-10-01,AZCAPOTZALCO,SERVICIO,1296,1252.235294117647
2021-11-01,AZCAPOTZALCO,SERVICIO,1319,1252.235294117647
2021-12-01,AZCAPOTZALCO,SERVICIO,1344,1252.235294117647
2022-01-01,AZCAPOTZALCO,SERVICIO,1195,1252.235294117647
2022-02-01,AZCAPOTZALCO,SERVICIO,1167,1252.235294117647
2022-03-01,AZCAPOTZALCO,SERVICIO,1366,1252.235294117647
2022-04-01,AZCAPOTZALCO,SERVICIO,1603,1252.235294117647
2022-05-01,AZCAPOTZALCO,SERVICIO,4,1252.235294117647
2021-01-01,AZCAPOTZALCO,URGENCIAS MÉDICAS,754,774.9411764705883
2021-02-01,AZCAPOTZALCO,URGENCIAS MÉDICAS,634,774.9411764705883
2021-03-01,AZCAPOTZALCO,URGENCIAS MÉDICAS,750,774.9411764705883
2021-04-01,AZCAPOTZALCO,URGENCIAS MÉDICAS,848,774.9411764705883
2021-05-01,AZCAPOTZALCO,URGENCIAS MÉDICAS,792,774.9411764705883
2021-06-01,AZCAPOTZALCO,URGENCIAS MÉDICAS,854,774.9411764705883
2021-07-01,AZCAPOTZALCO,URGENCIAS MÉDICAS,981,774.9411764705883
2021-08-01,AZCAPOTZALCO,URGENCIAS MÉDICAS,1003,774.9411764705883
2021-09-01,AZCAPOTZALCO,URGENCIAS MÉDICAS,836,774.9411764705883
2021-10-01,AZCAPOTZALCO,URGENCIAS MÉDICAS,839,774.9411764705883
2021-11-01,AZCAPOTZALCO,URGENCIAS MÉDICAS,790,774.9411764705883
2021-12-01,AZCAPOTZALCO,URGENCIAS MÉDICAS,874,774.9411764705883
2022-01-01,AZCAPOTZALCO,URGENCIAS MÉDICAS,904,774.9411764705883
2022-02-01,AZCAPOTZALCO,URGENCIAS MÉDICAS,703,774.9411764705883
2022-03-01,AZCAPOTZALCO,URGENCIAS MÉDICAS,801,774.9411764705883
2022-04-01,AZCAPOTZALCO,URGENCIAS MÉDICAS,805,774.9411764705883
2022-05-01,AZCAPOTZALCO,URGENCIAS MÉDICAS,6,774.9411764705883
2021-01-01,BENITO JUAREZ,DELITO,907,1032.8823529411766
2021-02-01,BENITO JUAREZ,DELITO,883,1032.8823529411766
2021-03-01,BENITO JUAREZ,DELITO,1026,1032.8823529411766
2021-04-01,BENITO JUAREZ,DELITO,1101,1032.8823529411766
2021-05-01,BENITO JUAREZ,DELITO,1218,1032.8823529411766
2021-06-01,BENITO JUAREZ,DELITO,997,1032.8823529411766
2021-07-01,BENITO JUAREZ,DELITO,1104,1032.8823529411766
2021-08-01,BENITO JUAREZ,DELITO,1177,1032.8823529411766
2021-09-01,BENITO JUAREZ,DELITO,1135,1032.8823529411766
2021-10-01,BENITO JUAREZ,DELITO,1269,1032.8823529411766
2021-11-01,BENITO JUAREZ,DELITO,1076,1032.8823529411766
2021-12-01,BENITO JUAREZ,DELITO,1227,1032.8823529411766
2022-01-01,BENITO JUAREZ,DELITO,999,1032.8823529411766
2022-02-01,BENITO JUAREZ,DELITO,932,1032.8823529411766
2022-03-01,BENITO JUAREZ,DELITO,1189,1032.8823529411766
2022-04-01,BENITO JUAREZ,DELITO,1311,1032.8823529411766
2022-05-01,BENITO JUAREZ,DELITO,8,1032.8823529411766
2021-01-01,BENITO JUAREZ,EMERGENCIA,280,370.94117647058823
2021-02-01,BENITO JUAREZ,EMERGENCIA,277,370.94117647058823
2021-03-01,BENITO JUAREZ,EMERGENCIA,437,370.94117647058823
2021-04-01,BENITO JUAREZ,EMERGENCIA,475,370.94117647058823
2021-05-01,BENITO JUAREZ,EMERGENCIA,374,370.94117647058823
2021-06-01,BENITO JUAREZ,EMERGENCIA,359,370.94117647058823
2021-07-01,BENITO JUAREZ,EMERGENCIA,494,370.94117647058823
2021-08-01,BENITO JUAREZ,EMERGENCIA,394,370.94117647058823
2021-09-01,BENITO JUAREZ,EMERGENCIA,574,370.94117647058823
2021-10-01,BENITO JUAREZ,EMERGENCIA,379,370.94117647058823
2021-11-01,BENITO JUAREZ,EMERGENCIA,311,370.94117647058823
2021-12-01,BENITO JUAREZ,EMERGENCIA,300,370.94117647058823
2022-01-01,BENITO JUAREZ,EMERGENCIA,293,370.94117647058823
2022-02-01,BENITO JUAREZ,EMERGENCIA,340,370.94117647058823
2022-03-01,BENITO JUAREZ,EMERGENCIA,464,370.94117647058823
2022-04-01,BENITO JUAREZ,EMERGENCIA,550,370.94117647058823
2022-05-01,BENITO JUAREZ,EMERGENCIA,5,370.94117647058823
2021-01-01,BENITO JUAREZ,FALSA ALARMA,0,2.823529411764706
2021-02-01,BENITO JUAREZ,FALSA ALARMA,0,2.823529411764706
2021-03-01,BENITO JUAREZ,FALSA ALARMA,48,2.823529411764706
2021-04-01,BENITO JUAREZ,FALSA ALARMA,0,2.823529411764706
2021-05-01,BENITO JUAREZ,FALSA ALARMA,0,2.823529411764706
2021-06-01,BENITO JUAREZ,FALSA ALARMA,0,2.823529411764706
2021-07-01,BENITO JUAREZ,FALSA ALARMA,0,2.823529411764706
2021-08-01,BENITO JUAREZ,FALSA ALARMA,0,2.823529411764706
2021-09-01,BENITO JUAREZ,FALSA ALARMA,0,2.823529411764706
2021-10-01,BENITO JUAREZ,FALSA ALARMA,0,2.823529411764706
2021-11-01,BENITO JUAREZ,FALSA ALARMA,0,2.823529411764706
2021-12-01,BENITO JUAREZ,FALSA ALARMA,0,2.823529411764706
2022-01-01,BENITO JUAREZ,FALSA ALARMA,0,2.823529411764706
2022-02-01,BENITO JUAREZ,FALSA ALARMA,0,2.823529411764706
2022-03-01,BENITO JUAREZ,FALSA ALARMA,0,2.823529411764706
2022-04-01,BENITO JUAREZ,FALSA ALARMA,0,2.823529411764706
2022-05-01,BENITO JUAREZ,FALSA ALARMA,0,2.823529411764706
2021-01-01,BENITO JUAREZ,FALTA CÍVICA,2017,1471.2941176470588
2021-02-01,BENITO JUAREZ,FALTA CÍVICA,1735,1471.2941176470588
2021-03-01,BENITO JUAREZ,FALTA CÍVICA,2004,1471.2941176470588
2021-04-01,BENITO JUAREZ,FALTA CÍVICA,1869,1471.2941176470588
2021-05-01,BENITO JUAREZ,FALTA CÍVICA,1963,1471.2941176470588
2021-06-01,BENITO JUAREZ,FALTA CÍVICA,1480,1471.2941176470588
2021-07-01,BENITO JUAREZ,FALTA CÍVICA,1433,1471.2941176470588
2021-08-01,BENITO JUAREZ,FALTA CÍVICA,1614,1471.2941176470588
2021-09-01,BENITO JUAREZ,FALTA CÍVICA,1375,1471.2941176470588
2021-10-01,BENITO JUAREZ,FALTA CÍVICA,1692,1471.2941176470588
2021-11-01,BENITO JUAREZ,FALTA CÍVICA,1409,1471.2941176470588
2021-12-01,BENITO JUAREZ,FALTA CÍVICA,1462,1471.2941176470588
2022-01-01,BENITO JUAREZ,FALTA CÍVICA,1036,1471.2941176470588
2022-02-01,BENITO JUAREZ,FALTA CÍVICA,1200,1471.2941176470588
2022-03-01,BENITO JUAREZ,FALTA CÍVICA,1435,1471.2941176470588
2022-04-01,BENITO JUAREZ,FALTA CÍVICA,1281,1471.2941176470588
2022-05-01,BENITO JUAREZ,FALTA CÍVICA,7,1471.2941176470588
2021-01-01,BENITO JUAREZ,SERVICIO,1903,2206.470588235294
2021-02-01,BENITO JUAREZ,SERVICIO,1961,2206.470588235294
2021-03-01,BENITO JUAREZ,SERVICIO,2333,2206.470588235294
2021-04-01,BENITO JUAREZ,SERVICIO,2349,2206.470588235294
2021-05-01,BENITO JUAREZ,SERVICIO,2469,2206.470588235294
2021-06-01,BENITO JUAREZ,SERVICIO,2492,2206.470588235294
2021-07-01,BENITO JUAREZ,SERVICIO,2353,2206.470588235294
2021-08-01,BENITO JUAREZ,SERVICIO,2408,2206.470588235294
2021-09-01,BENITO JUAREZ,SERVICIO,2487,2206.470588235294
2021-10-01,BENITO JUAREZ,SERVICIO,2646,2206.470588235294
2021-11-01,BENITO JUAREZ,SERVICIO,2350,2206.470588235294
2021-12-01,BENITO JUAREZ,SERVICIO,2401,2206.470588235294
2022-01-01,BENITO JUAREZ,SERVICIO,1915,2206.470588235294
2022-02-01,BENITO JUAREZ,SERVICIO,2021,2206.470588235294
2022-03-01,BENITO JUAREZ,SERVICIO,2667,2206.470588235294
2022-04-01,BENITO JUAREZ,SERVICIO,2739,2206.470588235294
2022-05-01,BENITO JUAREZ,SERVICIO,16,2206.470588235294
2021-01-01,BENITO JUAREZ,URGENCIAS MÉDICAS,692,767.1764705882352
2021-02-01,BENITO JUAREZ,URGENCIAS MÉDICAS,592,767.1764705882352
2021-03-01,BENITO JUAREZ,URGENCIAS MÉDICAS,720,767.1764705882352
2021-04-01,BENITO JUAREZ,URGENCIAS MÉDICAS,690,767.1764705882352
2021-05-01,BENITO JUAREZ,URGENCIAS MÉDICAS,801,767.1764705882352
2021-06-01,BENITO JUAREZ,URGENCIAS MÉDICAS,824,767.1764705882352
2021-07-01,BENITO JUAREZ,URGENCIAS MÉDICAS,865,767.1764705882352
2021-08-01,BENITO JUAREZ,URGENCIAS MÉDICAS,795,767.1764705882352
2021-09-01,BENITO JUAREZ,URGENCIAS MÉDICAS,877,767.1764705882352
2021-10-01,BENITO JUAREZ,URGENCIAS MÉDICAS,800,767.1764705882352
2021-11-01,BENITO JUAREZ,URGENCIAS MÉDICAS,967,767.1764705882352
2021-12-01,BENITO JUAREZ,URGENCIAS MÉDICAS,947,767.1764705882352
2022-01-01,BENITO JUAREZ,URGENCIAS MÉDICAS,780,767.1764705882352
2022-02-01,BENITO JUAREZ,URGENCIAS MÉDICAS,753,767.1764705882352
2022-03-01,BENITO JUAREZ,URGENCIAS MÉDICAS,953,767.1764705882352
2022-04-01,BENITO JUAREZ,URGENCIAS MÉDICAS,973,767.1764705882352
2022-05-01,BENITO JUAREZ,URGENCIAS MÉDICAS,13,767.1764705882352
2021-01-01,COYOACAN,DELITO,1296,1494.0588235294117
2021-02-01,COYOACAN,DELITO,1135,1494.0588235294117
2021-03-01,COYOACAN,DELITO,1549,1494.0588235294117
2021-04-01,COYOACAN,DELITO,1426,1494.0588235294117
2021-05-01,COYOACAN,DELITO,1667,1494.0588235294117
2021-06-01,COYOACAN,DELITO,1545,1494.0588235294117
2021-07-01,COYOACAN,DELITO,1404,1494.0588235294117
2021-08-01,COYOACAN,DELITO,1496,1494.0588235294117
2021-09-01,COYOACAN,DELITO,2061,1494.0588235294117
2021-10-01,COYOACAN,DELITO,1803,1494.0588235294117
2021-11-01,COYOACAN,DELITO,1533,1494.0588235294117
2021-12-01,COYOACAN,DELITO,1879,1494.0588235294117
2022-01-01,COYOACAN,DELITO,1609,1494.0588235294117
2022-02-01,COYOACAN,DELITO,1394,1494.0588235294117
2022-03-01,COYOACAN,DELITO,1649,1494.0588235294117
2022-04-01,COYOACAN,DELITO,1935,1494.0588235294117
2022-05-01,COYOACAN,DELITO,18,1494.0588235294117
2021-01-01,COYOACAN,EMERGENCIA,461,488.05882352941177
2021-02-01,COYOACAN,EMERGENCIA,438,488.05882352941177
2021-03-01,COYOACAN,EMERGENCIA,676,488.05882352941177
2021-04-01,COYOACAN,EMERGENCIA,476,488.05882352941177
2021-05-01,COYOACAN,EMERGENCIA,484,488.05882352941177
2021-06-01,COYOACAN,EMERGENCIA,456,488.05882352941177
2021-07-01,COYOACAN,EMERGENCIA,432,488.05882352941177
2021-08-01,COYOACAN,EMERGENCIA,495,488.05882352941177
2021-09-01,COYOACAN,EMERGENCIA,697,488.05882352941177
2021-10-01,COYOACAN,EMERGENCIA,648,488.05882352941177
2021-11-01,COYOACAN,EMERGENCIA,535,488.05882352941177
2021-12-01,COYOACAN,EMERGENCIA,580,488.05882352941177
2022-01-01,COYOACAN,EMERGENCIA,430,488.05882352941177
2022-02-01,COYOACAN,EMERGENCIA,430,488.05882352941177
2022-03-01,COYOACAN,EMERGENCIA,587,488.05882352941177
2022-04-01,COYOACAN,EMERGENCIA,472,488.05882352941177
2022-05-01,COYOACAN,EMERGENCIA,0,488.05882352941177
2021-01-01,COYOACAN,FALSA ALARMA,0,0.9411764705882353
2021-02-01,COYOACAN,FALSA ALARMA,0,0.9411764705882353
2021-03-01,COYOACAN,FALSA ALARMA,16,0.9411764705882353
2021-04-01,COYOACAN,FALSA ALARMA,0,0.9411764705882353
2021-05-01,COYOACAN,FALSA ALARMA,0,0.9411764705882353
2021-06-01,COYOACAN,FALSA ALARMA,0,0.9411764705882353
2021-07-01,COYOACAN,FALSA ALARMA,0,0.9411764705882353
2021-08-01,COYOACAN,FALSA ALARMA,0,0.9411764705882353
2021-09-01,COYOACAN,FALSA ALARMA,0,0.9411764705882353
2021-10-01,COYOACAN,FALSA ALARMA,0,0.9411764705882353
2021-11-01,COYOACAN,FALSA ALARMA,0,0.9411764705882353
2021-12-01,COYOACAN,FALSA ALARMA,0,0.9411764705882353
2022-01-01,COYOACAN,FALSA ALARMA,0,0.9411764705882353
2022-02-01,COYOACAN,FALSA ALARMA,0,0.9411764705882353
2022-03-01,COYOACAN,FALSA ALARMA,0,0.9411764705882353
2022-04-01,COYOACAN,FALSA ALARMA,0,0.9411764705882353
2022-05-01,COYOACAN,FALSA ALARMA,0,0.9411764705882353
2021-01-01,COYOACAN,FALTA CÍVICA,3249,2073.3529411764707
2021-02-01,COYOACAN,FALTA CÍVICA,2706,2073.3529411764707
2021-03-01,COYOACAN,FALTA CÍVICA,3236,2073.3529411764707
2021-04-01,COYOACAN,FALTA CÍVICA,2894,2073.3529411764707
2021-05-01,COYOACAN,FALTA CÍVICA,2753,2073.3529411764707
2021-06-01,COYOACAN,FALTA CÍVICA,1791,2073.3529411764707
2021-07-01,COYOACAN,FALTA CÍVICA,2080,2073.3529411764707
2021-08-01,COYOACAN,FALTA CÍVICA,2034,2073.3529411764707
2021-09-01,COYOACAN,FALTA CÍVICA,1826,2073.3529411764707
2021-10-01,COYOACAN,FALTA CÍVICA,2125,2073.3529411764707
2021-11-01,COYOACAN,FALTA CÍVICA,1562,2073.3529411764707
2021-12-01,COYOACAN,FALTA CÍVICA,1800,2073.3529411764707
2022-01-01,COYOACAN,FALTA CÍVICA,1502,2073.3529411764707
2022-02-01,COYOACAN,FALTA CÍVICA,1652,2073.3529411764707
2022-03-01,COYOACAN,FALTA CÍVICA,1815,2073.3529411764707
2022-04-01,COYOACAN,FALTA CÍVICA,2214,2073.3529411764707
2022-05-01,COYOACAN,FALTA CÍVICA,8,2073.3529411764707
2021-01-01,COYOACAN,SERVICIO,1869,1945.9411764705883
2021-02-01,COYOACAN,SERVICIO,1705,1945.9411764705883
2021-03-01,COYOACAN,SERVICIO,2038,1945.9411764705883
2021-04-01,COYOACAN,SERVICIO,2024,1945.9411764705883
2021-05-01,COYOACAN,SERVICIO,2146,1945.9411764705883
2021-06-01,COYOACAN,SERVICIO,2187,1945.9411764705883
2021-07-01,COYOACAN,SERVICIO,2220,1945.9411764705883
2021-08-01,COYOACAN,SERVICIO,2042,1945.9411764705883
2021-09-01,COYOACAN,SERVICIO,2231,1945.9411764705883
2021-10-01,COYOACAN,SERVICIO,2135,1945.9411764705883
2021-11-01,COYOACAN,SERVICIO,2101,1945.9411764705883
2021-12-01,COYOACAN,SERVICIO,2258,1945.9411764705883
2022-01-01,COYOACAN,SERVICIO,1768,1945.9411764705883
2022-02-01,COYOACAN,SERVICIO,1845,1945.9411764705883
2022-03-01,COYOACAN,SERVICIO,2216,1945.9411764705883
2022-04-01,COYOACAN,SERVICIO,2286,1945.9411764705883
2022-05-01,COYOACAN,SERVICIO,10,1945.9411764705883
2021-01-01,COYOACAN,URGENCIAS MÉDICAS,933,973.1764705882352
2021-02-01,COYOACAN,URGENCIAS MÉDICAS,725,973.1764705882352
2021-03-01,COYOACAN,URGENCIAS MÉDICAS,973,973.1764705882352
2021-04-01,COYOACAN,URGENCIAS MÉDICAS,869,973.1764705882352
2021-05-01,COYOACAN,URGENCIAS MÉDICAS,1055,973.1764705882352
2021-06-01,COYOACAN,URGENCIAS MÉDICAS,1022,973.1764705882352
2021-07-01,COYOACAN,URGENCIAS MÉDICAS,1100,973.1764705882352
2021-08-01,COYOACAN,URGENCIAS MÉDICAS,1051,973.1764705882352
2021-09-01,COYOACAN,URGENCIAS MÉDICAS,1109,973.1764705882352
2021-10-01,COYOACAN,URGENCIAS MÉDICAS,1083,973.1764705882352
2021-11-01,COYOACAN,URGENCIAS MÉDICAS,1070,973.1764705882352
2021-12-01,COYOACAN,URGENCIAS MÉDICAS,1084,973.1764705882352
2022-01-01,COYOACAN,URGENCIAS MÉDICAS,1022,973.1764705882352
2022-02-01,COYOACAN,URGENCIAS MÉDICAS,944,973.1764705882352
2022-03-01,COYOACAN,URGENCIAS MÉDICAS,1336,973.1764705882352
2022-04-01,COYOACAN,URGENCIAS MÉDICAS,1157,973.1764705882352
2022-05-01,COYOACAN,URGENCIAS MÉDICAS,11,973.1764705882352
2021-01-01,CUAJIMALPA DE MORELOS,DELITO,236,282.6470588235294
2021-02-01,CUAJIMALPA DE MORELOS,DELITO,267,282.6470588235294
2021-03-01,CUAJIMALPA DE MORELOS,DELITO,270,282.6470588235294
2021-04-01,CUAJIMALPA DE MORELOS,DELITO,293,282.6470588235294
2021-05-01,CUAJIMALPA DE MORELOS,DELITO,369,282.6470588235294
2021-06-01,CUAJIMALPA DE MORELOS,DELITO,243,282.6470588235294
2021-07-01,CUAJIMALPA DE MORELOS,DELITO,246,282.6470588235294
2021-08-01,CUAJIMALPA DE MORELOS,DELITO,345,282.6470588235294
2021-09-01,CUAJIMALPA DE MORELOS,DELITO,307,282.6470588235294
2021-10-01,CUAJIMALPA DE MORELOS,DELITO,294,282.6470588235294
2021-11-01,CUAJIMALPA DE MORELOS,DELITO,292,282.6470588235294
2021-12-01,CUAJIMALPA DE MORELOS,DELITO,423,282.6470588235294
2022-01-01,CUAJIMALPA DE MORELOS,DELITO,260,282.6470588235294
2022-02-01,CUAJIMALPA DE MORELOS,DELITO,230,282.6470588235294
2022-03-01,CUAJIMALPA DE MORELOS,DELITO,361,282.6470588235294
2022-04-01,CUAJIMALPA DE MORELOS,DELITO,364,282.6470588235294
2022-05-01,CUAJIMALPA DE MORELOS,DELITO,5,282.6470588235294
2021-01-01,CUAJIMALPA DE MORELOS,EMERGENCIA,125,183.8235294117647
2021-02-01,CUAJIMALPA DE MORELOS,EMERGENCIA,290,183.8235294117647
2021-03-01,CUAJIMALPA DE MORELOS,EMERGENCIA,466,183.8235294117647
2021-04-01,CUAJIMALPA DE MORELOS,EMERGENCIA,309,183.8235294117647
2021-05-01,CUAJIMALPA DE MORELOS,EMERGENCIA,163,183.8235294117647
2021-06-01,CUAJIMALPA DE MORELOS,EMERGENCIA,119,183.8235294117647
2021-07-01,CUAJIMALPA DE MORELOS,EMERGENCIA,169,183.8235294117647
2021-08-01,CUAJIMALPA DE MORELOS,EMERGENCIA,134,183.8235294117647
2021-09-01,CUAJIMALPA DE MORELOS,EMERGENCIA,131,183.8235294117647
2021-10-01,CUAJIMALPA DE MORELOS,EMERGENCIA,181,183.8235294117647
2021-11-01,CUAJIMALPA DE MORELOS,EMERGENCIA,101,183.8235294117647
2021-12-01,CUAJIMALPA DE MORELOS,EMERGENCIA,109,183.8235294117647
2022-01-01,CUAJIMALPA DE MORELOS,EMERGENCIA,123,183.8235294117647
2022-02-01,CUAJIMALPA DE MORELOS,EMERGENCIA,113,183.8235294117647
2022-03-01,CUAJIMALPA DE MORELOS,EMERGENCIA,375,183.8235294117647
2022-04-01,CUAJIMALPA DE MORELOS,EMERGENCIA,203,183.8235294117647
2022-05-01,CUAJIMALPA DE MORELOS,EMERGENCIA,14,183.8235294117647
2021-01-01,CUAJIMALPA DE MORELOS,FALSA ALARMA,0,0.35294117647058826
2021-02-01,CUAJIMALPA DE MORELOS,FALSA ALARMA,0,0.35294117647058826
2021-03-01,CUAJIMALPA DE MORELOS,FALSA ALARMA,6,0.35294117647058826
2021-04-01,CUAJIMALPA DE MORELOS,FALSA ALARMA,0,0.35294117647058826
2021-05-01,CUAJIMALPA DE MORELOS,FALSA ALARMA,0,0.35294117647058826
2021-06-01,CUAJIMALPA DE MORELOS,FALSA ALARMA,0,0.35294117647058826
2021-07-01,CUAJIMALPA DE MORELOS,FALSA ALARMA,0,0.35294117647058826
2021-08-01,CUAJIMALPA DE MORELOS,FALSA ALARMA,0,0.35294117647058826
2021-09-01,CUAJIMALPA DE MORELOS,FALSA ALARMA,0,0.35294117647058826
2021-10-01,CUAJIMALPA DE MORELOS,FALSA ALARMA,0,0.35294117647058826
2021-11-01,CUAJIMALPA DE MORELOS,FALSA ALARMA,0,0.35294117647058826
2021-12-01,CUAJIMALPA DE MORELOS,FALSA ALARMA,0,0.35294117647058826
2022-01-01,CUAJIMALPA DE MORELOS,FALSA ALARMA,0,0.35294117647058826
2022-02-01,CUAJIMALPA DE MORELOS,FALSA ALARMA,0,0.35294117647058826
2022-03-01,CUAJIMALPA DE MORELOS,FALSA ALARMA,0,0.35294117647058826
2022-04-01,CUAJIMALPA DE MORELOS,FALSA ALARMA,0,0.35294117647058826
2022-05-01,CUAJIMALPA DE MORELOS,FALSA ALARMA,0,0.35294117647058826
2021-01-01,CUAJIMALPA DE MORELOS,FALTA CÍVICA,443,320.88235294117646
2021-02-01,CUAJIMALPA DE MORELOS,FALTA CÍVICA,437,320.88235294117646
2021-03-01,CUAJIMALPA DE MORELOS,FALTA CÍVICA,490,320.88235294117646
2021-04-01,CUAJIMALPA DE MORELOS,FALTA CÍVICA,444,320.88235294117646
2021-05-01,CUAJIMALPA DE MORELOS,FALTA CÍVICA,445,320.88235294117646
2021-06-01,CUAJIMALPA DE MORELOS,FALTA CÍVICA,255,320.88235294117646
2021-07-01,CUAJIMALPA DE MORELOS,FALTA CÍVICA,280,320.88235294117646
2021-08-01,CUAJIMALPA DE MORELOS,FALTA CÍVICA,375,320.88235294117646
2021-09-01,CUAJIMALPA DE MORELOS,FALTA CÍVICA,303,320.88235294117646
2021-10-01,CUAJIMALPA DE MORELOS,FALTA CÍVICA,390,320.88235294117646
2021-11-01,CUAJIMALPA DE MORELOS,FALTA CÍVICA,274,320.88235294117646
2021-12-01,CUAJIMALPA DE MORELOS,FALTA CÍVICA,307,320.88235294117646
2022-01-01,CUAJIMALPA DE MORELOS,FALTA CÍVICA,229,320.88235294117646
2022-02-01,CUAJIMALPA DE MORELOS,FALTA CÍVICA,253,320.88235294117646
2022-03-01,CUAJIMALPA DE MORELOS,FALTA CÍVICA,231,320.88235294117646
2022-04-01,CUAJIMALPA DE MORELOS,FALTA CÍVICA,298,320.88235294117646
2022-05-01,CUAJIMALPA DE MORELOS,FALTA CÍVICA,1,320.88235294117646
2021-01-01,CUAJIMALPA DE MORELOS,SERVICIO,364,397.29411764705884
2021-02-01,CUAJIMALPA DE MORELOS,SERVICIO,364,397.29411764705884
2021-03-01,CUAJIMALPA DE MORELOS,SERVICIO,396,397.29411764705884
2021-04-01,CUAJIMALPA DE MORELOS,SERVICIO,390,397.29411764705884
2021-05-01,CUAJIMALPA DE MORELOS,SERVICIO,441,397.29411764705884
2021-06-01,CUAJIMALPA DE MORELOS,SERVICIO,450,397.29411764705884
2021-07-01,CUAJIMALPA DE MORELOS,SERVICIO,427,397.29411764705884
2021-08-01,CUAJIMALPA DE MORELOS,SERVICIO,442,397.29411764705884
2021-09-01,CUAJIMALPA DE MORELOS,SERVICIO,498,397.29411764705884
2021-10-01,CUAJIMALPA DE MORELOS,SERVICIO,454,397.29411764705884
2021-11-01,CUAJIMALPA DE MORELOS,SERVICIO,408,397.29411764705884
2021-12-01,CUAJIMALPA DE MORELOS,SERVICIO,425,397.29411764705884
2022-01-01,CUAJIMALPA DE MORELOS,SERVICIO,337,397.29411764705884
2022-02-01,CUAJIMALPA DE MORELOS,SERVICIO,398,397.29411764705884
2022-03-01,CUAJIMALPA DE MORELOS,SERVICIO,445,397.29411764705884
2022-04-01,CUAJIMALPA DE MORELOS,SERVICIO,514,397.29411764705884
2022-05-01,CUAJIMALPA DE MORELOS,SERVICIO,1,397.29411764705884
2021-01-01,CUAJIMALPA DE MORELOS,URGENCIAS MÉDICAS,256,260.47058823529414
2021-02-01,CUAJIMALPA DE MORELOS,URGENCIAS MÉDICAS,247,260.47058823529414
2021-03-01,CUAJIMALPA DE MORELOS,URGENCIAS MÉDICAS,247,260.47058823529414
2021-04-01,CUAJIMALPA DE MORELOS,URGENCIAS MÉDICAS,239,260.47058823529414
2021-05-01,CUAJIMALPA DE MORELOS,URGENCIAS MÉDICAS,286,260.47058823529414
2021-06-01,CUAJIMALPA DE MORELOS,URGENCIAS MÉDICAS,248,260.47058823529414
2021-07-01,CUAJIMALPA DE MORELOS,URGENCIAS MÉDICAS,317,260.47058823529414
2021-08-01,CUAJIMALPA DE MORELOS,URGENCIAS MÉDICAS,278,260.47058823529414
2021-09-01,CUAJIMALPA DE MORELOS,URGENCIAS MÉDICAS,291,260.47058823529414
2021-10-01,CUAJIMALPA DE MORELOS,URGENCIAS MÉDICAS,317,260.47058823529414
2021-11-01,CUAJIMALPA DE MORELOS,URGENCIAS MÉDICAS,313,260.47058823529414
2021-12-01,CUAJIMALPA DE MORELOS,URGENCIAS MÉDICAS,296,260.47058823529414
2022-01-01,CUAJIMALPA DE MORELOS,URGENCIAS MÉDICAS,272,260.47058823529414
2022-02-01,CUAJIMALPA DE MORELOS,URGENCIAS MÉDICAS,234,260.47058823529414
2022-03-01,CUAJIMALPA DE MORELOS,URGENCIAS MÉDICAS,273,260.47058823529414
2022-04-01,CUAJIMALPA DE MORELOS,URGENCIAS MÉDICAS,310,260.47058823529414
2022-05-01,CUAJIMALPA DE MORELOS,URGENCIAS MÉDICAS,4,260.47058823529414
2021-01-01,CUAUHTEMOC,DELITO,1676,2205.235294117647
2021-02-01,CUAUHTEMOC,DELITO,1771,2205.235294117647
2021-03-01,CUAUHTEMOC,DELITO,2391,2205.235294117647
2021-04-01,CUAUHTEMOC,DELITO,2099,2205.235294117647
2021-05-01,CUAUHTEMOC,DELITO,2214,2205.235294117647
2021-06-01,CUAUHTEMOC,DELITO,2124,2205.235294117647
2021-07-01,CUAUHTEMOC,DELITO,2206,2205.235294117647
2021-08-01,CUAUHTEMOC,DELITO,2416,2205.235294117647
2021-09-01,CUAUHTEMOC,DELITO,3384,2205.235294117647
2021-10-01,CUAUHTEMOC,DELITO,2686,2205.235294117647
2021-11-01,CUAUHTEMOC,DELITO,2372,2205.235294117647
2021-12-01,CUAUHTEMOC,DELITO,2682,2205.235294117647
2022-01-01,CUAUHTEMOC,DELITO,2256,2205.235294117647
2022-02-01,CUAUHTEMOC,DELITO,2085,2205.235294117647
2022-03-01,CUAUHTEMOC,DELITO,2491,2205.235294117647
2022-04-01,CUAUHTEMOC,DELITO,2620,2205.235294117647
2022-05-01,CUAUHTEMOC,DELITO,16,2205.235294117647
2021-01-01,CUAUHTEMOC,EMERGENCIA,550,596.1176470588235
2021-02-01,CUAUHTEMOC,EMERGENCIA,485,596.1176470588235
2021-03-01,CUAUHTEMOC,EMERGENCIA,591,596.1176470588235
2021-04-01,CUAUHTEMOC,EMERGENCIA,790,596.1176470588235
2021-05-01,CUAUHTEMOC,EMERGENCIA,557,596.1176470588235
2021-06-01,CUAUHTEMOC,EMERGENCIA,624,596.1176470588235
2021-07-01,CUAUHTEMOC,EMERGENCIA,607,596.1176470588235
2021-08-01,CUAUHTEMOC,EMERGENCIA,708,596.1176470588235
2021-09-01,CUAUHTEMOC,EMERGENCIA,1061,596.1176470588235
2021-10-01,CUAUHTEMOC,EMERGENCIA,654,596.1176470588235
2021-11-01,CUAUHTEMOC,EMERGENCIA,537,596.1176470588235
2021-12-01,CUAUHTEMOC,EMERGENCIA,618,596.1176470588235
2022-01-01,CUAUHTEMOC,EMERGENCIA,566,596.1176470588235
2022-02-01,CUAUHTEMOC,EMERGENCIA,457,596.1176470588235
2022-03-01,CUAUHTEMOC,EMERGENCIA,595,596.1176470588235
2022-04-01,CUAUHTEMOC,EMERGENCIA,732,596.1176470588235
2022-05-01,CUAUHTEMOC,EMERGENCIA,2,596.1176470588235
2021-01-01,CUAUHTEMOC,FALSA ALARMA,0,2.1176470588235294
2021-02-01,CUAUHTEMOC,FALSA ALARMA,0,2.1176470588235294
2021-03-01,CUAUHTEMOC,FALSA ALARMA,36,2.1176470588235294
2021-04-01,CUAUHTEMOC,FALSA ALARMA,0,2.1176470588235294
2021-05-01,CUAUHTEMOC,FALSA ALARMA,0,2.1176470588235294
2021-06-01,CUAUHTEMOC,FALSA ALARMA,0,2.1176470588235294
2021-07-01,CUAUHTEMOC,FALSA ALARMA,0,2.1176470588235294
2021-08-01,CUAUHTEMOC,FALSA ALARMA,0,2.1176470588235294
2021-09-01,CUAUHTEMOC,FALSA ALARMA,0,2.1176470588235294
2021-10-01,CUAUHTEMOC,FALSA ALARMA,0,2.1176470588235294
2021-11-01,CUAUHTEMOC,FALSA ALARMA,0,2.1176470588235294
2021-12-01,CUAUHTEMOC,FALSA ALARMA,0,2.1176470588235294
2022-01-01,CUAUHTEMOC,FALSA ALARMA,0,2.1176470588235294
2022-02-01,CUAUHTEMOC,FALSA ALARMA,0,2.1176470588235294
2022-03-01,CUAUHTEMOC,FALSA ALARMA,0,2.1176470588235294
2022-04-01,CUAUHTEMOC,FALSA ALARMA,0,2.1176470588235294
2022-05-01,CUAUHTEMOC,FALSA ALARMA,0,2.1176470588235294
2021-01-01,CUAUHTEMOC,FALTA CÍVICA,3696,2553.529411764706
2021-02-01,CUAUHTEMOC,FALTA CÍVICA,3238,2553.529411764706
2021-03-01,CUAUHTEMOC,FALTA CÍVICA,3555,2553.529411764706
2021-04-01,CUAUHTEMOC,FALTA CÍVICA,3447,2553.529411764706
2021-05-01,CUAUHTEMOC,FALTA CÍVICA,3233,2553.529411764706
2021-06-01,CUAUHTEMOC,FALTA CÍVICA,2424,2553.529411764706
2021-07-01,CUAUHTEMOC,FALTA CÍVICA,2761,2553.529411764706
2021-08-01,CUAUHTEMOC,FALTA CÍVICA,2741,2553.529411764706
2021-09-01,CUAUHTEMOC,FALTA CÍVICA,2257,2553.529411764706
2021-10-01,CUAUHTEMOC,FALTA CÍVICA,2851,2553.529411764706
2021-11-01,CUAUHTEMOC,FALTA CÍVICA,1933,2553.529411764706
2021-12-01,CUAUHTEMOC,FALTA CÍVICA,2231,2553.529411764706
2022-01-01,CUAUHTEMOC,FALTA CÍVICA,1706,2553.529411764706
2022-02-01,CUAUHTEMOC,FALTA CÍVICA,1983,2553.529411764706
2022-03-01,CUAUHTEMOC,FALTA CÍVICA,2623,2553.529411764706
2022-04-01,CUAUHTEMOC,FALTA CÍVICA,2722,2553.529411764706
2022-05-01,CUAUHTEMOC,FALTA CÍVICA,9,2553.529411764706
2021-01-01,CUAUHTEMOC,SERVICIO,3109,3443.5882352941176
2021-02-01,CUAUHTEMOC,SERVICIO,3055,3443.5882352941176
2021-03-01,CUAUHTEMOC,SERVICIO,3757,3443.5882352941176
2021-04-01,CUAUHTEMOC,SERVICIO,3575,3443.5882352941176
2021-05-01,CUAUHTEMOC,SERVICIO,3787,3443.5882352941176
2021-06-01,CUAUHTEMOC,SERVICIO,3642,3443.5882352941176
2021-07-01,CUAUHTEMOC,SERVICIO,3722,3443.5882352941176
2021-08-01,CUAUHTEMOC,SERVICIO,3791,3443.5882352941176
2021-09-01,CUAUHTEMOC,SERVICIO,4020,3443.5882352941176
2021-10-01,CUAUHTEMOC,SERVICIO,3941,3443.5882352941176
2021-11-01,CUAUHTEMOC,SERVICIO,3890,3443.5882352941176
2021-12-01,CUAUHTEMOC,SERVICIO,3855,3443.5882352941176
2022-01-01,CUAUHTEMOC,SERVICIO,3196,3443.5882352941176
2022-02-01,CUAUHTEMOC,SERVICIO,3256,3443.5882352941176
2022-03-01,CUAUHTEMOC,SERVICIO,3860,3443.5882352941176
2022-04-01,CUAUHTEMOC,SERVICIO,4056,3443.5882352941176
2022-05-01,CUAUHTEMOC,SERVICIO,29,3443.5882352941176
2021-01-01,CUAUHTEMOC,URGENCIAS MÉDICAS,1656,1886.2941176470588
2021-02-01,CUAUHTEMOC,URGENCIAS MÉDICAS,1461,1886.2941176470588
2021-03-01,CUAUHTEMOC,URGENCIAS MÉDICAS,1872,1886.2941176470588
2021-04-01,CUAUHTEMOC,URGENCIAS MÉDICAS,1805,1886.2941176470588
2021-05-01,CUAUHTEMOC,URGENCIAS MÉDICAS,1982,1886.2941176470588
2021-06-01,CUAUHTEMOC,URGENCIAS MÉDICAS,1968,1886.2941176470588
2021-07-01,CUAUHTEMOC,URGENCIAS MÉDICAS,2158,1886.2941176470588
2021-08-01,CUAUHTEMOC,URGENCIAS MÉDICAS,2024,1886.2941176470588
2021-09-01,CUAUHTEMOC,URGENCIAS MÉDICAS,2195,1886.2941176470588
2021-10-01,CUAUHTEMOC,URGENCIAS MÉDICAS,2238,1886.2941176470588
2021-11-01,CUAUHTEMOC,URGENCIAS MÉDICAS,2162,1886.2941176470588
2021-12-01,CUAUHTEMOC,URGENCIAS MÉDICAS,2310,1886.2941176470588
2022-01-01,CUAUHTEMOC,URGENCIAS MÉDICAS,1974,1886.2941176470588
2022-02-01,CUAUHTEMOC,URGENCIAS MÉDICAS,1796,1886.2941176470588
2022-03-01,CUAUHTEMOC,URGENCIAS MÉDICAS,2179,1886.2941176470588
2022-04-01,CUAUHTEMOC,URGENCIAS MÉDICAS,2278,1886.2941176470588
2022-05-01,CUAUHTEMOC,URGENCIAS MÉDICAS,9,1886.2941176470588
2021-01-01,GUSTAVO A MADERO,DELITO,2572,2735.529411764706
2021-02-01,GUSTAVO A MADERO,DELITO,2323,2735.529411764706
2021-03-01,GUSTAVO A MADERO,DELITO,2723,2735.529411764706
2021-04-01,GUSTAVO A MADERO,DELITO,2907,2735.529411764706
2021-05-01,GUSTAVO A MADERO,DELITO,2936,2735.529411764706
2021-06-01,GUSTAVO A MADERO,DELITO,2772,2735.529411764706
2021-07-01,GUSTAVO A MADERO,DELITO,2805,2735.529411764706
2021-08-01,GUSTAVO A MADERO,DELITO,2747,2735.529411764706
2021-09-01,GUSTAVO A MADERO,DELITO,4135,2735.529411764706
2021-10-01,GUSTAVO A MADERO,DELITO,3232,2735.529411764706
2021-11-01,GUSTAVO A MADERO,DELITO,2701,2735.529411764706
2021-12-01,GUSTAVO A MADERO,DELITO,3034,2735.529411764706
2022-01-01,GUSTAVO A MADERO,DELITO,2832,2735.529411764706
2022-02-01,GUSTAVO A MADERO,DELITO,2484,2735.529411764706
2022-03-01,GUSTAVO A MADERO,DELITO,3036,2735.529411764706
2022-04-01,GUSTAVO A MADERO,DELITO,3231,2735.529411764706
2022-05-01,GUSTAVO A MADERO,DELITO,34,2735.529411764706
2021-01-01,GUSTAVO A MADERO,EMERGENCIA,859,1093.8235294117646
2021-02-01,GUSTAVO A MADERO,EMERGENCIA,763,1093.8235294117646
2021-03-01,GUSTAVO A MADERO,EMERGENCIA,1159,1093.8235294117646
2021-04-01,GUSTAVO A MADERO,EMERGENCIA,998,1093.8235294117646
2021-05-01,GUSTAVO A MADERO,EMERGENCIA,1046,1093.8235294117646
2021-06-01,GUSTAVO A MADERO,EMERGENCIA,993,1093.8235294117646
2021-07-01,GUSTAVO A MADERO,EMERGENCIA,1286,1093.8235294117646
2021-08-01,GUSTAVO A MADERO,EMERGENCIA,992,1093.8235294117646
2021-09-01,GUSTAVO A MADERO,EMERGENCIA,2126,1093.8235294117646
2021-10-01,GUSTAVO A MADERO,EMERGENCIA,1234,1093.8235294117646
2021-11-01,GUSTAVO A MADERO,EMERGENCIA,975,1093.8235294117646
2021-12-01,GUSTAVO A MADERO,EMERGENCIA,1430,1093.8235294117646
2022-01-01,GUSTAVO A MADERO,EMERGENCIA,1107,1093.8235294117646
2022-02-01,GUSTAVO A MADERO,EMERGENCIA,1060,1093.8235294117646
2022-03-01,GUSTAVO A MADERO,EMERGENCIA,1232,1093.8235294117646
2022-04-01,GUSTAVO A MADERO,EMERGENCIA,1334,1093.8235294117646
2022-05-01,GUSTAVO A MADERO,EMERGENCIA,1,1093.8235294117646
2021-01-01,GUSTAVO A MADERO,FALSA ALARMA,0,6.411764705882353
2021-02-01,GUSTAVO A MADERO,FALSA ALARMA,0,6.411764705882353
2021-03-01,GUSTAVO A MADERO,FALSA ALARMA,109,6.411764705882353
2021-04-01,GUSTAVO A MADERO,FALSA ALARMA,0,6.411764705882353
2021-05-01,GUSTAVO A MADERO,FALSA ALARMA,0,6.411764705882353
2021-06-01,GUSTAVO A MADERO,FALSA ALARMA,0,6.411764705882353
2021-07-01,GUSTAVO A MADERO,FALSA ALARMA,0,6.411764705882353
2021-08-01,GUSTAVO A MADERO,FALSA ALARMA,0,6.411764705882353
2021-09-01,GUSTAVO A MADERO,FALSA ALARMA,0,6.411764705882353
2021-10-01,GUSTAVO A MADERO,FALSA ALARMA,0,6.411764705882353
2021-11-01,GUSTAVO A MADERO,FALSA ALARMA,0,6.411764705882353
2021-12-01,GUSTAVO A MADERO,FALSA ALARMA,0,6.411764705882353
2022-01-01,GUSTAVO A MADERO,FALSA ALARMA,0,6.411764705882353
2022-02-01,GUSTAVO A MADERO,FALSA ALARMA,0,6.411764705882353
2022-03-01,GUSTAVO A MADERO,FALSA ALARMA,0,6.411764705882353
2022-04-01,GUSTAVO A MADERO,FALSA ALARMA,0,6.411764705882353
2022-05-01,GUSTAVO A MADERO,FALSA ALARMA,0,6.411764705882353
2021-01-01,GUSTAVO A MADERO,FALTA CÍVICA,5891,3411.5882352941176
2021-02-01,GUSTAVO A MADERO,FALTA CÍVICA,4833,3411.5882352941176
2021-03-01,GUSTAVO A MADERO,FALTA CÍVICA,5178,3411.5882352941176
2021-04-01,GUSTAVO A MADERO,FALTA CÍVICA,4777,3411.5882352941176
2021-05-01,GUSTAVO A MADERO,FALTA CÍVICA,4313,3411.5882352941176
2021-06-01,GUSTAVO A MADERO,FALTA CÍVICA,2971,3411.5882352941176
2021-07-01,GUSTAVO A MADERO,FALTA CÍVICA,3192,3411.5882352941176
2021-08-01,GUSTAVO A MADERO,FALTA CÍVICA,3564,3411.5882352941176
2021-09-01,GUSTAVO A MADERO,FALTA CÍVICA,2786,3411.5882352941176
2021-10-01,GUSTAVO A MADERO,FALTA CÍVICA,3467,3411.5882352941176
2021-11-01,GUSTAVO A MADERO,FALTA CÍVICA,2520,3411.5882352941176
2021-12-01,GUSTAVO A MADERO,FALTA CÍVICA,2903,3411.5882352941176
2022-01-01,GUSTAVO A MADERO,FALTA CÍVICA,2423,3411.5882352941176
2022-02-01,GUSTAVO A MADERO,FALTA CÍVICA,2613,3411.5882352941176
2022-03-01,GUSTAVO A MADERO,FALTA CÍVICA,2902,3411.5882352941176
2022-04-01,GUSTAVO A MADERO,FALTA CÍVICA,3649,3411.5882352941176
2022-05-01,GUSTAVO A MADERO,FALTA CÍVICA,15,3411.5882352941176
2021-01-01,GUSTAVO A MADERO,SERVICIO,2911,3132.9411764705883
2021-02-01,GUSTAVO A MADERO,SERVICIO,2764,3132.9411764705883
2021-03-01,GUSTAVO A MADERO,SERVICIO,3384,3132.9411764705883
2021-04-01,GUSTAVO A MADERO,SERVICIO,3196,3132.9411764705883
2021-05-01,GUSTAVO A MADERO,SERVICIO,3523,3132.9411764705883
2021-06-01,GUSTAVO A MADERO,SERVICIO,3260,3132.9411764705883
2021-07-01,GUSTAVO A MADERO,SERVICIO,3704,3132.9411764705883
2021-08-01,GUSTAVO A MADERO,SERVICIO,3306,3132.9411764705883
2021-09-01,GUSTAVO A MADERO,SERVICIO,3806,3132.9411764705883
2021-10-01,GUSTAVO A MADERO,SERVICIO,3560,3132.9411764705883
2021-11-01,GUSTAVO A MADERO,SERVICIO,3289,3132.9411764705883
2021-12-01,GUSTAVO A MADERO,SERVICIO,3403,3132.9411764705883
2022-01-01,GUSTAVO A MADERO,SERVICIO,3004,3132.9411764705883
2022-02-01,GUSTAVO A MADERO,SERVICIO,2915,3132.9411764705883
2022-03-01,GUSTAVO A MADERO,SERVICIO,3563,3132.9411764705883
2022-04-01,GUSTAVO A MADERO,SERVICIO,3656,3132.9411764705883
2022-05-01,GUSTAVO A MADERO,SERVICIO,16,3132.9411764705883
2021-01-01,GUSTAVO A MADERO,URGENCIAS MÉDICAS,1901,1825.764705882353
2021-02-01,GUSTAVO A MADERO,URGENCIAS MÉDICAS,1545,1825.764705882353
2021-03-01,GUSTAVO A MADERO,URGENCIAS MÉDICAS,1778,1825.764705882353
2021-04-01,GUSTAVO A MADERO,URGENCIAS MÉDICAS,1766,1825.764705882353
2021-05-01,GUSTAVO A MADERO,URGENCIAS MÉDICAS,1871,1825.764705882353
2021-06-01,GUSTAVO A MADERO,URGENCIAS MÉDICAS,1807,1825.764705882353
2021-07-01,GUSTAVO A MADERO,URGENCIAS MÉDICAS,2168,1825.764705882353
2021-08-01,GUSTAVO A MADERO,URGENCIAS MÉDICAS,1943,1825.764705882353
2021-09-01,GUSTAVO A MADERO,URGENCIAS MÉDICAS,2100,1825.764705882353
2021-10-01,GUSTAVO A MADERO,URGENCIAS MÉDICAS,2105,1825.764705882353
2021-11-01,GUSTAVO A MADERO,URGENCIAS MÉDICAS,2008,1825.764705882353
2021-12-01,GUSTAVO A MADERO,URGENCIAS MÉDICAS,2202,1825.764705882353
2022-01-01,GUSTAVO A MADERO,URGENCIAS MÉDICAS,2176,1825.764705882353
2022-02-01,GUSTAVO A MADERO,URGENCIAS MÉDICAS,1700,1825.764705882353
2022-03-01,GUSTAVO A MADERO,URGENCIAS MÉDICAS,1989,1825.764705882353
2022-04-01,GUSTAVO A MADERO,URGENCIAS MÉDICAS,1955,1825.764705882353
2022-05-01,GUSTAVO A MADERO,URGENCIAS MÉDICAS,24,1825.764705882353
2021-01-01,IZTACALCO,DELITO,1036,1108.8235294117646
2021-02-01,IZTACALCO,DELITO,930,1108.8235294117646
2021-03-01,IZTACALCO,DELITO,1267,1108.8235294117646
2021-04-01,IZTACALCO,DELITO,1108,1108.8235294117646
2021-05-01,IZTACALCO,DELITO,1177,1108.8235294117646
2021-06-01,IZTACALCO,DELITO,1030,1108.8235294117646
2021-07-01,IZTACALCO,DELITO,1081,1108.8235294117646
2021-08-01,IZTACALCO,DELITO,1158,1108.8235294117646
2021-09-01,IZTACALCO,DELITO,1700,1108.8235294117646
2021-10-01,IZTACALCO,DELITO,1194,1108.8235294117646
2021-11-01,IZTACALCO,DELITO,1121,1108.8235294117646
2021-12-01,IZTACALCO,DELITO,1272,1108.8235294117646
2022-01-01,IZTACALCO,DELITO,1210,1108.8235294117646
2022-02-01,IZTACALCO,DELITO,1016,1108.8235294117646
2022-03-01,IZTACALCO,DELITO,1257,1108.8235294117646
2022-04-01,IZTACALCO,DELITO,1283,1108.8235294117646
2022-05-01,IZTACALCO,DELITO,10,1108.8235294117646
2021-01-01,IZTACALCO,EMERGENCIA,284,349.94117647058823
2021-02-01,IZTACALCO,EMERGENCIA,346,349.94117647058823
2021-03-01,IZTACALCO,EMERGENCIA,309,349.94117647058823
2021-04-01,IZTACALCO,EMERGENCIA,348,349.94117647058823
2021-05-01,IZTACALCO,EMERGENCIA,374,349.94117647058823
2021-06-01,IZTACALCO,EMERGENCIA,320,349.94117647058823
2021-07-01,IZTACALCO,EMERGENCIA,366,349.94117647058823
2021-08-01,IZTACALCO,EMERGENCIA,385,349.94117647058823
2021-09-01,IZTACALCO,EMERGENCIA,551,349.94117647058823
2021-10-01,IZTACALCO,EMERGENCIA,503,349.94117647058823
2021-11-01,IZTACALCO,EMERGENCIA,277,349.94117647058823
2021-12-01,IZTACALCO,EMERGENCIA,428,349.94117647058823
2022-01-01,IZTACALCO,EMERGENCIA,351,349.94117647058823
2022-02-01,IZTACALCO,EMERGENCIA,310,349.94117647058823
2022-03-01,IZTACALCO,EMERGENCIA,338,349.94117647058823
2022-04-01,IZTACALCO,EMERGENCIA,458,349.94117647058823
2022-05-01,IZTACALCO,EMERGENCIA,1,349.94117647058823
2021-01-01,IZTACALCO,FALSA ALARMA,0,0.5294117647058824
2021-02-01,IZTACALCO,FALSA ALARMA,0,0.5294117647058824
2021-03-01,IZTACALCO,FALSA ALARMA,9,0.5294117647058824
2021-04-01,IZTACALCO,FALSA ALARMA,0,0.5294117647058824
2021-05-01,IZTACALCO,FALSA ALARMA,0,0.5294117647058824
2021-06-01,IZTACALCO,FALSA ALARMA,0,0.5294117647058824
2021-07-01,IZTACALCO,FALSA ALARMA,0,0.5294117647058824
2021-08-01,IZTACALCO,FALSA ALARMA,0,0.5294117647058824
2021-09-01,IZTACALCO,FALSA ALARMA,0,0.5294117647058824
2021-10-01,IZTACALCO,FALSA ALARMA,0,0.5294117647058824
2021-11-01,IZTACALCO,FALSA ALARMA,0,0.5294117647058824
2021-12-01,IZTACALCO,FALSA ALARMA,0,0.5294117647058824
2022-01-01,IZTACALCO,FALSA ALARMA,0,0.5294117647058824
2022-02-01,IZTACALCO,FALSA ALARMA,0,0.5294117647058824
2022-03-01,IZTACALCO,FALSA ALARMA,0,0.5294117647058824
2022-04-01,IZTACALCO,FALSA ALARMA,0,0.5294117647058824
2022-05-01,IZTACALCO,FALSA ALARMA,0,0.5294117647058824
2021-01-01,IZTACALCO,FALTA CÍVICA,2151,1380
2021-02-01,IZTACALCO,FALTA CÍVICA,1895,1380
2021-03-01,IZTACALCO,FALTA CÍVICA,2264,1380
2021-04-01,IZTACALCO,FALTA CÍVICA,2111,1380
2021-05-01,IZTACALCO,FALTA CÍVICA,1709,1380
2021-06-01,IZTACALCO,FALTA CÍVICA,1153,1380
2021-07-01,IZTACALCO,FALTA CÍVICA,1313,1380
2021-08-01,IZTACALCO,FALTA CÍVICA,1373,1380
2021-09-01,IZTACALCO,FALTA CÍVICA,1209,1380
2021-10-01,IZTACALCO,FALTA CÍVICA,1466,1380
2021-11-01,IZTACALCO,FALTA CÍVICA,955,1380
2021-12-01,IZTACALCO,FALTA CÍVICA,1115,1380
2022-01-01,IZTACALCO,FALTA CÍVICA,1027,1380
2022-02-01,IZTACALCO,FALTA CÍVICA,1033,1380
2022-03-01,IZTACALCO,FALTA CÍVICA,1226,1380
2022-04-01,IZTACALCO,FALTA CÍVICA,1457,1380
2022-05-01,IZTACALCO,FALTA CÍVICA,3,1380
2021-01-01,IZTACALCO,SERVICIO,1301,1308.1176470588234
2021-02-01,IZTACALCO,SERVICIO,1296,1308.1176470588234
2021-03-01,IZTACALCO,SERVICIO,1405,1308.1176470588234
2021-04-01,IZTACALCO,SERVICIO,1264,1308.1176470588234
2021-05-01,IZTACALCO,SERVICIO,1465,1308.1176470588234
2021-06-01,IZTACALCO,SERVICIO,1364,1308.1176470588234
2021-07-01,IZTACALCO,SERVICIO,1478,1308.1176470588234
2021-08-01,IZTACALCO,SERVICIO,1473,1308.1176470588234
2021-09-01,IZTACALCO,SERVICIO,1541,1308.1176470588234
2021-10-01,IZTACALCO,SERVICIO,1402,1308.1176470588234
2021-11-01,IZTACALCO,SERVICIO,1377,1308.1176470588234
2021-12-01,IZTACALCO,SERVICIO,1307,1308.1176470588234
2022-01-01,IZTACALCO,SERVICIO,1275,1308.1176470588234
2022-02-01,IZTACALCO,SERVICIO,1276,1308.1176470588234
2022-03-01,IZTACALCO,SERVICIO,1475,1308.1176470588234
2022-04-01,IZTACALCO,SERVICIO,1530,1308.1176470588234
2022-05-01,IZTACALCO,SERVICIO,9,1308.1176470588234
2021-01-01,IZTACALCO,URGENCIAS MÉDICAS,669,751.7647058823529
2021-02-01,IZTACALCO,URGENCIAS MÉDICAS,631,751.7647058823529
2021-03-01,IZTACALCO,URGENCIAS MÉDICAS,787,751.7647058823529
2021-04-01,IZTACALCO,URGENCIAS MÉDICAS,624,751.7647058823529
2021-05-01,IZTACALCO,URGENCIAS MÉDICAS,792,751.7647058823529
2021-06-01,IZTACALCO,URGENCIAS MÉDICAS,677,751.7647058823529
2021-07-01,IZTACALCO,URGENCIAS MÉDICAS,798,751.7647058823529
2021-08-01,IZTACALCO,URGENCIAS MÉDICAS,876,751.7647058823529
2021-09-01,IZTACALCO,URGENCIAS MÉDICAS,817,751.7647058823529
2021-10-01,IZTACALCO,URGENCIAS MÉDICAS,841,751.7647058823529
2021-11-01,IZTACALCO,URGENCIAS MÉDICAS,927,751.7647058823529
2021-12-01,IZTACALCO,URGENCIAS MÉDICAS,981,751.7647058823529
2022-01-01,IZTACALCO,URGENCIAS MÉDICAS,927,751.7647058823529
2022-02-01,IZTACALCO,URGENCIAS MÉDICAS,833,751.7647058823529
2022-03-01,IZTACALCO,URGENCIAS MÉDICAS,767,751.7647058823529
2022-04-01,IZTACALCO,URGENCIAS MÉDICAS,830,751.7647058823529
2022-05-01,IZTACALCO,URGENCIAS MÉDICAS,3,751.7647058823529
2021-01-01,IZTAPALAPA,DELITO,4315,4426.588235294118
2021-02-01,IZTAPALAPA,DELITO,4124,4426.588235294118
2021-03-01,IZTAPALAPA,DELITO,4806,4426.588235294118
2021-04-01,IZTAPALAPA,DELITO,4536,4426.588235294118
2021-05-01,IZTAPALAPA,DELITO,5036,4426.588235294118
2021-06-01,IZTAPALAPA,DELITO,4112,4426.588235294118
2021-07-01,IZTAPALAPA,DELITO,4186,4426.588235294118
2021-08-01,IZTAPALAPA,DELITO,4822,4426.588235294118
2021-09-01,IZTAPALAPA,DELITO,6179,4426.588235294118
2021-10-01,IZTAPALAPA,DELITO,4879,4426.588235294118
2021-11-01,IZTAPALAPA,DELITO,4649,4426.588235294118
2021-12-01,IZTAPALAPA,DELITO,5453,4426.588235294118
2022-01-01,IZTAPALAPA,DELITO,4513,4426.588235294118
2022-02-01,IZTAPALAPA,DELITO,3851,4426.588235294118
2022-03-01,IZTAPALAPA,DELITO,4643,4426.588235294118
2022-04-01,IZTAPALAPA,DELITO,5079,4426.588235294118
2022-05-01,IZTAPALAPA,DELITO,69,4426.588235294118
2021-01-01,IZTAPALAPA,EMERGENCIA,1533,1501
2021-02-01,IZTAPALAPA,EMERGENCIA,1247,1501
2021-03-01,IZTAPALAPA,EMERGENCIA,1506,1501
2021-04-01,IZTAPALAPA,EMERGENCIA,1838,1501
2021-05-01,IZTAPALAPA,EMERGENCIA,1547,1501
2021-06-01,IZTAPALAPA,EMERGENCIA,1628,1501
2021-07-01,IZTAPALAPA,EMERGENCIA,1316,1501
2021-08-01,IZTAPALAPA,EMERGENCIA,1520,1501
2021-09-01,IZTAPALAPA,EMERGENCIA,1867,1501
2021-10-01,IZTAPALAPA,EMERGENCIA,2162,1501
2021-11-01,IZTAPALAPA,EMERGENCIA,1366,1501
2021-12-01,IZTAPALAPA,EMERGENCIA,1779,1501
2022-01-01,IZTAPALAPA,EMERGENCIA,1646,1501
2022-02-01,IZTAPALAPA,EMERGENCIA,1261,1501
2022-03-01,IZTAPALAPA,EMERGENCIA,1703,1501
2022-04-01,IZTAPALAPA,EMERGENCIA,1596,1501
2022-05-01,IZTAPALAPA,EMERGENCIA,2,1501
2021-01-01,IZTAPALAPA,FALSA ALARMA,0,3.2941176470588234
2021-02-01,IZTAPALAPA,FALSA ALARMA,0,3.2941176470588234
2021-03-01,IZTAPALAPA,FALSA ALARMA,54,3.2941176470588234
2021-04-01,IZTAPALAPA,FALSA ALARMA,0,3.2941176470588234
2021-05-01,IZTAPALAPA,FALSA ALARMA,0,3.2941176470588234
2021-06-01,IZTAPALAPA,FALSA ALARMA,0,3.2941176470588234
2021-07-01,IZTAPALAPA,FALSA ALARMA,1,3.2941176470588234
2021-08-01,IZTAPALAPA,FALSA ALARMA,0,3.2941176470588234
2021-09-01,IZTAPALAPA,FALSA ALARMA,0,3.2941176470588234
2021-10-01,IZTAPALAPA,FALSA ALARMA,0,3.2941176470588234
2021-11-01,IZTAPALAPA,FALSA ALARMA,1,3.2941176470588234
2021-12-01,IZTAPALAPA,FALSA ALARMA,0,3.2941176470588234
2022-01-01,IZTAPALAPA,FALSA ALARMA,0,3.2941176470588234
2022-02-01,IZTAPALAPA,FALSA ALARMA,0,3.2941176470588234
2022-03-01,IZTAPALAPA,FALSA ALARMA,0,3.2941176470588234
2022-04-01,IZTAPALAPA,FALSA ALARMA,0,3.2941176470588234
2022-05-01,IZTAPALAPA,FALSA ALARMA,0,3.2941176470588234
2021-01-01,IZTAPALAPA,FALTA CÍVICA,7565,4187.823529411765
2021-02-01,IZTAPALAPA,FALTA CÍVICA,6281,4187.823529411765
2021-03-01,IZTAPALAPA,FALTA CÍVICA,6543,4187.823529411765
2021-04-01,IZTAPALAPA,FALTA CÍVICA,6009,4187.823529411765
2021-05-01,IZTAPALAPA,FALTA CÍVICA,5260,4187.823529411765
2021-06-01,IZTAPALAPA,FALTA CÍVICA,3461,4187.823529411765
2021-07-01,IZTAPALAPA,FALTA CÍVICA,4109,4187.823529411765
2021-08-01,IZTAPALAPA,FALTA CÍVICA,4429,4187.823529411765
2021-09-01,IZTAPALAPA,FALTA CÍVICA,3514,4187.823529411765
2021-10-01,IZTAPALAPA,FALTA CÍVICA,3879,4187.823529411765
2021-11-01,IZTAPALAPA,FALTA CÍVICA,3093,4187.823529411765
2021-12-01,IZTAPALAPA,FALTA CÍVICA,3285,4187.823529411765
2022-01-01,IZTAPALAPA,FALTA CÍVICA,2965,4187.823529411765
2022-02-01,IZTAPALAPA,FALTA CÍVICA,3087,4187.823529411765
2022-03-01,IZTAPALAPA,FALTA CÍVICA,3445,4187.823529411765
2022-04-01,IZTAPALAPA,FALTA CÍVICA,4248,4187.823529411765
2022-05-01,IZTAPALAPA,FALTA CÍVICA,20,4187.823529411765
2021-01-01,IZTAPALAPA,SERVICIO,4249,4096.470588235294
2021-02-01,IZTAPALAPA,SERVICIO,3676,4096.470588235294
2021-03-01,IZTAPALAPA,SERVICIO,4655,4096.470588235294
2021-04-01,IZTAPALAPA,SERVICIO,4223,4096.470588235294
2021-05-01,IZTAPALAPA,SERVICIO,4625,4096.470588235294
2021-06-01,IZTAPALAPA,SERVICIO,4243,4096.470588235294
2021-07-01,IZTAPALAPA,SERVICIO,4496,4096.470588235294
2021-08-01,IZTAPALAPA,SERVICIO,4692,4096.470588235294
2021-09-01,IZTAPALAPA,SERVICIO,4782,4096.470588235294
2021-10-01,IZTAPALAPA,SERVICIO,4584,4096.470588235294
2021-11-01,IZTAPALAPA,SERVICIO,4228,4096.470588235294
2021-12-01,IZTAPALAPA,SERVICIO,4390,4096.470588235294
2022-01-01,IZTAPALAPA,SERVICIO,3733,4096.470588235294
2022-02-01,IZTAPALAPA,SERVICIO,3849,4096.470588235294
2022-03-01,IZTAPALAPA,SERVICIO,4518,4096.470588235294
2022-04-01,IZTAPALAPA,SERVICIO,4674,4096.470588235294
2022-05-01,IZTAPALAPA,SERVICIO,23,4096.470588235294
2021-01-01,IZTAPALAPA,URGENCIAS MÉDICAS,2497,2442.0588235294117
2021-02-01,IZTAPALAPA,URGENCIAS MÉDICAS,2093,2442.0588235294117
2021-03-01,IZTAPALAPA,URGENCIAS MÉDICAS,2589,2442.0588235294117
2021-04-01,IZTAPALAPA,URGENCIAS MÉDICAS,2456,2442.0588235294117
2021-05-01,IZTAPALAPA,URGENCIAS MÉDICAS,2740,2442.0588235294117
2021-06-01,IZTAPALAPA,URGENCIAS MÉDICAS,2247,2442.0588235294117
2021-07-01,IZTAPALAPA,URGENCIAS MÉDICAS,2620,2442.0588235294117
2021-08-01,IZTAPALAPA,URGENCIAS MÉDICAS,2668,2442.0588235294117
2021-09-01,IZTAPALAPA,URGENCIAS MÉDICAS,2874,2442.0588235294117
2021-10-01,IZTAPALAPA,URGENCIAS MÉDICAS,2761,2442.0588235294117
2021-11-01,IZTAPALAPA,URGENCIAS MÉDICAS,2695,2442.0588235294117
2021-12-01,IZTAPALAPA,URGENCIAS MÉDICAS,2877,2442.0588235294117
2022-01-01,IZTAPALAPA,URGENCIAS MÉDICAS,2615,2442.0588235294117
2022-02-01,IZTAPALAPA,URGENCIAS MÉDICAS,2210,2442.0588235294117
2022-03-01,IZTAPALAPA,URGENCIAS MÉDICAS,2791,2442.0588235294117
2022-04-01,IZTAPALAPA,URGENCIAS MÉDICAS,2763,2442.0588235294117
2022-05-01,IZTAPALAPA,URGENCIAS MÉDICAS,19,2442.0588235294117
2021-01-01,LA MAGDALENA CONTRERAS,DELITO,460,524.3529411764706
2021-02-01,LA MAGDALENA CONTRERAS,DELITO,514,524.3529411764706
2021-03-01,LA MAGDALENA CONTRERAS,DELITO,662,524.3529411764706
2021-04-01,LA MAGDALENA CONTRERAS,DELITO,533,524.3529411764706
2021-05-01,LA MAGDALENA CONTRERAS,DELITO,593,524.3529411764706
2021-06-01,LA MAGDALENA CONTRERAS,DELITO,542,524.3529411764706
2021-07-01,LA MAGDALENA CONTRERAS,DELITO,481,524.3529411764706
2021-08-01,LA MAGDALENA CONTRERAS,DELITO,534,524.3529411764706
2021-09-01,LA MAGDALENA CONTRERAS,DELITO,653,524.3529411764706
2021-10-01,LA MAGDALENA CONTRERAS,DELITO,596,524.3529411764706
2021-11-01,LA MAGDALENA CONTRERAS,DELITO,532,524.3529411764706
2021-12-01,LA MAGDALENA CONTRERAS,DELITO,623,524.3529411764706
2022-01-01,LA MAGDALENA CONTRERAS,DELITO,562,524.3529411764706
2022-02-01,LA MAGDALENA CONTRERAS,DELITO,451,524.3529411764706
2022-03-01,LA MAGDALENA CONTRERAS,DELITO,574,524.3529411764706
2022-04-01,LA MAGDALENA CONTRERAS,DELITO,600,524.3529411764706
2022-05-01,LA MAGDALENA CONTRERAS,DELITO,4,524.3529411764706
2021-01-01,LA MAGDALENA CONTRERAS,EMERGENCIA,183,253.1764705882353
2021-02-01,LA MAGDALENA CONTRERAS,EMERGENCIA,408,253.1764705882353
2021-03-01,LA MAGDALENA CONTRERAS,EMERGENCIA,586,253.1764705882353
2021-04-01,LA MAGDALENA CONTRERAS,EMERGENCIA,764,253.1764705882353
2021-05-01,LA MAGDALENA CONTRERAS,EMERGENCIA,172,253.1764705882353
2021-06-01,LA MAGDALENA CONTRERAS,EMERGENCIA,165,253.1764705882353
2021-07-01,LA MAGDALENA CONTRERAS,EMERGENCIA,178,253.1764705882353
2021-08-01,LA MAGDALENA CONTRERAS,EMERGENCIA,166,253.1764705882353
2021-09-01,LA MAGDALENA CONTRERAS,EMERGENCIA,160,253.1764705882353
2021-10-01,LA MAGDALENA CONTRERAS,EMERGENCIA,182,253.1764705882353
2021-11-01,LA MAGDALENA CONTRERAS,EMERGENCIA,167,253.1764705882353
2021-12-01,LA MAGDALENA CONTRERAS,EMERGENCIA,250,253.1764705882353
2022-01-01,LA MAGDALENA CONTRERAS,EMERGENCIA,179,253.1764705882353
2022-02-01,LA MAGDALENA CONTRERAS,EMERGENCIA,202,253.1764705882353
2022-03-01,LA MAGDALENA CONTRERAS,EMERGENCIA,334,253.1764705882353
2022-04-01,LA MAGDALENA CONTRERAS,EMERGENCIA,206,253.1764705882353
2022-05-01,LA MAGDALENA CONTRERAS,EMERGENCIA,2,253.1764705882353
2021-01-01,LA MAGDALENA CONTRERAS,FALSA ALARMA,0,0.5882352941176471
2021-02-01,LA MAGDALENA CONTRERAS,FALSA ALARMA,0,0.5882352941176471
2021-03-01,LA MAGDALENA CONTRERAS,FALSA ALARMA,10,0.5882352941176471
2021-04-01,LA MAGDALENA CONTRERAS,FALSA ALARMA,0,0.5882352941176471
2021-05-01,LA MAGDALENA CONTRERAS,FALSA ALARMA,0,0.5882352941176471
2021-06-01,LA MAGDALENA CONTRERAS,FALSA ALARMA,0,0.5882352941176471
2021-07-01,LA MAGDALENA CONTRERAS,FALSA ALARMA,0,0.5882352941176471
2021-08-01,LA MAGDALENA CONTRERAS,FALSA ALARMA,0,0.5882352941176471
2021-09-01,LA MAGDALENA CONTRERAS,FALSA ALARMA,0,0.5882352941176471
2021-10-01,LA MAGDALENA CONTRERAS,FALSA ALARMA,0,0.5882352941176471
2021-11-01,LA MAGDALENA CONTRERAS,FALSA ALARMA,0,0.5882352941176471
2021-12-01,LA MAGDALENA CONTRERAS,FALSA ALARMA,0,0.5882352941176471
2022-01-01,LA MAGDALENA CONTRERAS,FALSA ALARMA,0,0.5882352941176471
2022-02-01,LA MAGDALENA CONTRERAS,FALSA ALARMA,0,0.5882352941176471
2022-03-01,LA MAGDALENA CONTRERAS,FALSA ALARMA,0,0.5882352941176471
2022-04-01,LA MAGDALENA CONTRERAS,FALSA ALARMA,0,0.5882352941176471
2022-05-01,LA MAGDALENA CONTRERAS,FALSA ALARMA,0,0.5882352941176471
2021-01-01,LA MAGDALENA CONTRERAS,FALTA CÍVICA,968,634.4705882352941
2021-02-01,LA MAGDALENA CONTRERAS,FALTA CÍVICA,984,634.4705882352941
2021-03-01,LA MAGDALENA CONTRERAS,FALTA CÍVICA,1070,634.4705882352941
2021-04-01,LA MAGDALENA CONTRERAS,FALTA CÍVICA,931,634.4705882352941
2021-05-01,LA MAGDALENA CONTRERAS,FALTA CÍVICA,807,634.4705882352941
2021-06-01,LA MAGDALENA CONTRERAS,FALTA CÍVICA,493,634.4705882352941
2021-07-01,LA MAGDALENA CONTRERAS,FALTA CÍVICA,661,634.4705882352941
2021-08-01,LA MAGDALENA CONTRERAS,FALTA CÍVICA,714,634.4705882352941
2021-09-01,LA MAGDALENA CONTRERAS,FALTA CÍVICA,534,634.4705882352941
2021-10-01,LA MAGDALENA CONTRERAS,FALTA CÍVICA,640,634.4705882352941
2021-11-01,LA MAGDALENA CONTRERAS,FALTA CÍVICA,521,634.4705882352941
2021-12-01,LA MAGDALENA CONTRERAS,FALTA CÍVICA,541,634.4705882352941
2022-01-01,LA MAGDALENA CONTRERAS,FALTA CÍVICA,395,634.4705882352941
2022-02-01,LA MAGDALENA CONTRERAS,FALTA CÍVICA,452,634.4705882352941
2022-03-01,LA MAGDALENA CONTRERAS,FALTA CÍVICA,473,634.4705882352941
2022-04-01,LA MAGDALENA CONTRERAS,FALTA CÍVICA,596,634.4705882352941
2022-05-01,LA MAGDALENA CONTRERAS,FALTA CÍVICA,6,634.4705882352941
2021-01-01,LA MAGDALENA CONTRERAS,SERVICIO,479,547.1764705882352
2021-02-01,LA MAGDALENA CONTRERAS,SERVICIO,547,547.1764705882352
2021-03-01,LA MAGDALENA CONTRERAS,SERVICIO,561,547.1764705882352
2021-04-01,LA MAGDALENA CONTRERAS,SERVICIO,549,547.1764705882352
2021-05-01,LA MAGDALENA CONTRERAS,SERVICIO,639,547.1764705882352
2021-06-01,LA MAGDALENA CONTRERAS,SERVICIO,686,547.1764705882352
2021-07-01,LA MAGDALENA CONTRERAS,SERVICIO,595,547.1764705882352
2021-08-01,LA MAGDALENA CONTRERAS,SERVICIO,573,547.1764705882352
2021-09-01,LA MAGDALENA CONTRERAS,SERVICIO,655,547.1764705882352
2021-10-01,LA MAGDALENA CONTRERAS,SERVICIO,678,547.1764705882352
2021-11-01,LA MAGDALENA CONTRERAS,SERVICIO,588,547.1764705882352
2021-12-01,LA MAGDALENA CONTRERAS,SERVICIO,564,547.1764705882352
2022-01-01,LA MAGDALENA CONTRERAS,SERVICIO,496,547.1764705882352
2022-02-01,LA MAGDALENA CONTRERAS,SERVICIO,455,547.1764705882352
2022-03-01,LA MAGDALENA CONTRERAS,SERVICIO,569,547.1764705882352
2022-04-01,LA MAGDALENA CONTRERAS,SERVICIO,664,547.1764705882352
2022-05-01,LA MAGDALENA CONTRERAS,SERVICIO,4,547.1764705882352
2021-01-01,LA MAGDALENA CONTRERAS,URGENCIAS MÉDICAS,335,341.29411764705884
2021-02-01,LA MAGDALENA CONTRERAS,URGENCIAS MÉDICAS,324,341.29411764705884
2021-03-01,LA MAGDALENA CONTRERAS,URGENCIAS MÉDICAS,348,341.29411764705884
2021-04-01,LA MAGDALENA CONTRERAS,URGENCIAS MÉDICAS,355,341.29411764705884
2021-05-01,LA MAGDALENA CONTRERAS,URGENCIAS MÉDICAS,371,341.29411764705884
2021-06-01,LA MAGDALENA CONTRERAS,URGENCIAS MÉDICAS,389,341.29411764705884
2021-07-01,LA MAGDALENA CONTRERAS,URGENCIAS MÉDICAS,375,341.29411764705884
2021-08-01,LA MAGDALENA CONTRERAS,URGENCIAS MÉDICAS,348,341.29411764705884
2021-09-01,LA MAGDALENA CONTRERAS,URGENCIAS MÉDICAS,413,341.29411764705884
2021-10-01,LA MAGDALENA CONTRERAS,URGENCIAS MÉDICAS,412,341.29411764705884
2021-11-01,LA MAGDALENA CONTRERAS,URGENCIAS MÉDICAS,362,341.29411764705884
2021-12-01,LA MAGDALENA CONTRERAS,URGENCIAS MÉDICAS,388,341.29411764705884
2022-01-01,LA MAGDALENA CONTRERAS,URGENCIAS MÉDICAS,363,341.29411764705884
2022-02-01,LA MAGDALENA CONTRERAS,URGENCIAS MÉDICAS,297,341.29411764705884
2022-03-01,LA MAGDALENA CONTRERAS,URGENCIAS MÉDICAS,361,341.29411764705884
2022-04-01,LA MAGDALENA CONTRERAS,URGENCIAS MÉDICAS,358,341.29411764705884
2022-05-01,LA MAGDALENA CONTRERAS,URGENCIAS MÉDICAS,3,341.29411764705884
2021-01-01,MIGUEL HIDALGO,DELITO,801,939.0588235294117
2021-02-01,MIGUEL HIDALGO,DELITO,746,939.0588235294117
2021-03-01,MIGUEL HIDALGO,DELITO,904,939.0588235294117
2021-04-01,MIGUEL HIDALGO,DELITO,968,939.0588235294117
2021-05-01,MIGUEL HIDALGO,DELITO,967,939.0588235294117
2021-06-01,MIGUEL HIDALGO,DELITO,868,939.0588235294117
2021-07-01,MIGUEL HIDALGO,DELITO,1006,939.0588235294117
2021-08-01,MIGUEL HIDALGO,DELITO,1080,939.0588235294117
2021-09-01,MIGUEL HIDALGO,DELITO,1415,939.0588235294117
2021-10-01,MIGUEL HIDALGO,DELITO,1046,939.0588235294117
2021-11-01,MIGUEL HIDALGO,DELITO,1033,939.0588235294117
2021-12-01,MIGUEL HIDALGO,DELITO,1131,939.0588235294117
2022-01-01,MIGUEL HIDALGO,DELITO,982,939.0588235294117
2022-02-01,MIGUEL HIDALGO,DELITO,880,939.0588235294117
2022-03-01,MIGUEL HIDALGO,DELITO,1026,939.0588235294117
2022-04-01,MIGUEL HIDALGO,DELITO,1109,939.0588235294117
2022-05-01,MIGUEL HIDALGO,DELITO,2,939.0588235294117
2021-01-01,MIGUEL HIDALGO,EMERGENCIA,304,336.6470588235294
2021-02-01,MIGUEL HIDALGO,EMERGENCIA,271,336.6470588235294
2021-03-01,MIGUEL HIDALGO,EMERGENCIA,305,336.6470588235294
2021-04-01,MIGUEL HIDALGO,EMERGENCIA,564,336.6470588235294
2021-05-01,MIGUEL HIDALGO,EMERGENCIA,322,336.6470588235294
2021-06-01,MIGUEL HIDALGO,EMERGENCIA,335,336.6470588235294
2021-07-01,MIGUEL HIDALGO,EMERGENCIA,335,336.6470588235294
2021-08-01,MIGUEL HIDALGO,EMERGENCIA,287,336.6470588235294
2021-09-01,MIGUEL HIDALGO,EMERGENCIA,399,336.6470588235294
2021-10-01,MIGUEL HIDALGO,EMERGENCIA,282,336.6470588235294
2021-11-01,MIGUEL HIDALGO,EMERGENCIA,428,336.6470588235294
2021-12-01,MIGUEL HIDALGO,EMERGENCIA,378,336.6470588235294
2022-01-01,MIGUEL HIDALGO,EMERGENCIA,307,336.6470588235294
2022-02-01,MIGUEL HIDALGO,EMERGENCIA,335,336.6470588235294
2022-03-01,MIGUEL HIDALGO,EMERGENCIA,467,336.6470588235294
2022-04-01,MIGUEL HIDALGO,EMERGENCIA,404,336.6470588235294
2022-05-01,MIGUEL HIDALGO,EMERGENCIA,0,336.6470588235294
2021-01-01,MIGUEL HIDALGO,FALSA ALARMA,0,4.529411764705882
2021-02-01,MIGUEL HIDALGO,FALSA ALARMA,0,4.529411764705882
2021-03-01,MIGUEL HIDALGO,FALSA ALARMA,77,4.529411764705882
2021-04-01,MIGUEL HIDALGO,FALSA ALARMA,0,4.529411764705882
2021-05-01,MIGUEL HIDALGO,FALSA ALARMA,0,4.529411764705882
2021-06-01,MIGUEL HIDALGO,FALSA ALARMA,0,4.529411764705882
2021-07-01,MIGUEL HIDALGO,FALSA ALARMA,0,4.529411764705882
2021-08-01,MIGUEL HIDALGO,FALSA ALARMA,0,4.529411764705882
2021-09-01,MIGUEL HIDALGO,FALSA ALARMA,0,4.529411764705882
2021-10-01,MIGUEL HIDALGO,FALSA ALARMA,0,4.529411764705882
2021-11-01,MIGUEL HIDALGO,FALSA ALARMA,0,4.529411764705882
2021-12-01,MIGUEL HIDALGO,FALSA ALARMA,0,4.529411764705882
2022-01-01,MIGUEL HIDALGO,FALSA ALARMA,0,4.529411764705882
2022-02-01,MIGUEL HIDALGO,FALSA ALARMA,0,4.529411764705882
2022-03-01,MIGUEL HIDALGO,FALSA ALARMA,0,4.529411764705882
2022-04-01,MIGUEL HIDALGO,FALSA ALARMA,0,4.529411764705882
2022-05-01,MIGUEL HIDALGO,FALSA ALARMA,0,4.529411764705882
2021-01-01,MIGUEL HIDALGO,FALTA CÍVICA,1715,1304.9411764705883
2021-02-01,MIGUEL HIDALGO,FALTA CÍVICA,1705,1304.9411764705883
2021-03-01,MIGUEL HIDALGO,FALTA CÍVICA,1835,1304.9411764705883
2021-04-01,MIGUEL HIDALGO,FALTA CÍVICA,1750,1304.9411764705883
2021-05-01,MIGUEL HIDALGO,FALTA CÍVICA,1695,1304.9411764705883
2021-06-01,MIGUEL HIDALGO,FALTA CÍVICA,1333,1304.9411764705883
2021-07-01,MIGUEL HIDALGO,FALTA CÍVICA,1223,1304.9411764705883
2021-08-01,MIGUEL HIDALGO,FALTA CÍVICA,1527,1304.9411764705883
2021-09-01,MIGUEL HIDALGO,FALTA CÍVICA,1216,1304.9411764705883
2021-10-01,MIGUEL HIDALGO,FALTA CÍVICA,1483,1304.9411764705883
2021-11-01,MIGUEL HIDALGO,FALTA CÍVICA,1136,1304.9411764705883
2021-12-01,MIGUEL HIDALGO,FALTA CÍVICA,1196,1304.9411764705883
2022-01-01,MIGUEL HIDALGO,FALTA CÍVICA,862,1304.9411764705883
2022-02-01,MIGUEL HIDALGO,FALTA CÍVICA,1037,1304.9411764705883
2022-03-01,MIGUEL HIDALGO,FALTA CÍVICA,1090,1304.9411764705883
2022-04-01,MIGUEL HIDALGO,FALTA CÍVICA,1370,1304.9411764705883
2022-05-01,MIGUEL HIDALGO,FALTA CÍVICA,11,1304.9411764705883
2021-01-01,MIGUEL HIDALGO,SERVICIO,1291,1646
2021-02-01,MIGUEL HIDALGO,SERVICIO,1280,1646
2021-03-01,MIGUEL HIDALGO,SERVICIO,1589,1646
2021-04-01,MIGUEL HIDALGO,SERVICIO,1738,1646
2021-05-01,MIGUEL HIDALGO,SERVICIO,1740,1646
2021-06-01,MIGUEL HIDALGO,SERVICIO,1862,1646
2021-07-01,MIGUEL HIDALGO,SERVICIO,1870,1646
2021-08-01,MIGUEL HIDALGO,SERVICIO,1815,1646
2021-09-01,MIGUEL HIDALGO,SERVICIO,1987,1646
2021-10-01,MIGUEL HIDALGO,SERVICIO,1765,1646
2021-11-01,MIGUEL HIDALGO,SERVICIO,1902,1646
2021-12-01,MIGUEL HIDALGO,SERVICIO,1839,1646
2022-01-01,MIGUEL HIDALGO,SERVICIO,1581,1646
2022-02-01,MIGUEL HIDALGO,SERVICIO,1531,1646
2022-03-01,MIGUEL HIDALGO,SERVICIO,2077,1646
2022-04-01,MIGUEL HIDALGO,SERVICIO,2109,1646
2022-05-01,MIGUEL HIDALGO,SERVICIO,6,1646
2021-01-01,MIGUEL HIDALGO,URGENCIAS MÉDICAS,701,794.8823529411765
2021-02-01,MIGUEL HIDALGO,URGENCIAS MÉDICAS,667,794.8823529411765
2021-03-01,MIGUEL HIDALGO,URGENCIAS MÉDICAS,908,794.8823529411765
2021-04-01,MIGUEL HIDALGO,URGENCIAS MÉDICAS,832,794.8823529411765
2021-05-01,MIGUEL HIDALGO,URGENCIAS MÉDICAS,843,794.8823529411765
2021-06-01,MIGUEL HIDALGO,URGENCIAS MÉDICAS,821,794.8823529411765
2021-07-01,MIGUEL HIDALGO,URGENCIAS MÉDICAS,970,794.8823529411765
2021-08-01,MIGUEL HIDALGO,URGENCIAS MÉDICAS,869,794.8823529411765
2021-09-01,MIGUEL HIDALGO,URGENCIAS MÉDICAS,926,794.8823529411765
2021-10-01,MIGUEL HIDALGO,URGENCIAS MÉDICAS,868,794.8823529411765
2021-11-01,MIGUEL HIDALGO,URGENCIAS MÉDICAS,844,794.8823529411765
2021-12-01,MIGUEL HIDALGO,URGENCIAS MÉDICAS,890,794.8823529411765
2022-01-01,MIGUEL HIDALGO,URGENCIAS MÉDICAS,791,794.8823529411765
2022-02-01,MIGUEL HIDALGO,URGENCIAS MÉDICAS,737,794.8823529411765
2022-03-01,MIGUEL HIDALGO,URGENCIAS MÉDICAS,912,794.8823529411765
2022-04-01,MIGUEL HIDALGO,URGENCIAS MÉDICAS,927,794.8823529411765
2022-05-01,MIGUEL HIDALGO,URGENCIAS MÉDICAS,7,794.8823529411765
2021-01-01,MILPA ALTA,DELITO,172,194.11764705882354
2021-02-01,MILPA ALTA,DELITO,121,194.11764705882354
2021-03-01,MILPA ALTA,DELITO,248,194.11764705882354
2021-04-01,MILPA ALTA,DELITO,206,194.11764705882354
2021-05-01,MILPA ALTA,DELITO,245,194.11764705882354
2021-06-01,MILPA ALTA,DELITO,219,194.11764705882354
2021-07-01,MILPA ALTA,DELITO,172,194.11764705882354
2021-08-01,MILPA ALTA,DELITO,180,194.11764705882354
2021-09-01,MILPA ALTA,DELITO,256,194.11764705882354
2021-10-01,MILPA ALTA,DELITO,257,194.11764705882354
2021-11-01,MILPA ALTA,DELITO,223,194.11764705882354
2021-12-01,MILPA ALTA,DELITO,196,194.11764705882354
2022-01-01,MILPA ALTA,DELITO,162,194.11764705882354
2022-02-01,MILPA ALTA,DELITO,166,194.11764705882354
2022-03-01,MILPA ALTA,DELITO,226,194.11764705882354
2022-04-01,MILPA ALTA,DELITO,249,194.11764705882354
2022-05-01,MILPA ALTA,DELITO,2,194.11764705882354
2021-01-01,MILPA ALTA,EMERGENCIA,126,91.05882352941177
2021-02-01,MILPA ALTA,EMERGENCIA,163,91.05882352941177
2021-03-01,MILPA ALTA,EMERGENCIA,196,91.05882352941177
2021-04-01,MILPA ALTA,EMERGENCIA,175,91.05882352941177
2021-05-01,MILPA ALTA,EMERGENCIA,64,91.05882352941177
2021-06-01,MILPA ALTA,EMERGENCIA,48,91.05882352941177
2021-07-01,MILPA ALTA,EMERGENCIA,52,91.05882352941177
2021-08-01,MILPA ALTA,EMERGENCIA,44,91.05882352941177
2021-09-01,MILPA ALTA,EMERGENCIA,76,91.05882352941177
2021-10-01,MILPA ALTA,EMERGENCIA,87,91.05882352941177
2021-11-01,MILPA ALTA,EMERGENCIA,43,91.05882352941177
2021-12-01,MILPA ALTA,EMERGENCIA,73,91.05882352941177
2022-01-01,MILPA ALTA,EMERGENCIA,77,91.05882352941177
2022-02-01,MILPA ALTA,EMERGENCIA,85,91.05882352941177
2022-03-01,MILPA ALTA,EMERGENCIA,151,91.05882352941177
2022-04-01,MILPA ALTA,EMERGENCIA,88,91.05882352941177
2022-05-01,MILPA ALTA,EMERGENCIA,0,91.05882352941177
2021-01-01,MILPA ALTA,FALSA ALARMA,0,0.29411764705882354
2021-02-01,MILPA ALTA,FALSA ALARMA,0,0.29411764705882354
2021-03-01,MILPA ALTA,FALSA ALARMA,4,0.29411764705882354
2021-04-01,MILPA ALTA,FALSA ALARMA,0,0.29411764705882354
2021-05-01,MILPA ALTA,FALSA ALARMA,0,0.29411764705882354
2021-06-01,MILPA ALTA,FALSA ALARMA,0,0.29411764705882354
2021-07-01,MILPA ALTA,FALSA ALARMA,0,0.29411764705882354
2021-08-01,MILPA ALTA,FALSA ALARMA,0,0.29411764705882354
2021-09-01,MILPA ALTA,FALSA ALARMA,0,0.29411764705882354
2021-10-01,MILPA ALTA,FALSA ALARMA,1,0.29411764705882354
2021-11-01,MILPA ALTA,FALSA ALARMA,0,0.29411764705882354
2021-12-01,MILPA ALTA,FALSA ALARMA,0,0.29411764705882354
2022-01-01,MILPA ALTA,FALSA ALARMA,0,0.29411764705882354
2022-02-01,MILPA ALTA,FALSA ALARMA,0,0.29411764705882354
2022-03-01,MILPA ALTA,FALSA ALARMA,0,0.29411764705882354
2022-04-01,MILPA ALTA,FALSA ALARMA,0,0.29411764705882354
2022-05-01,MILPA ALTA,FALSA ALARMA,0,0.29411764705882354
2021-01-01,MILPA ALTA,FALTA CÍVICA,300,141.2941176470588
2021-02-01,MILPA ALTA,FALTA CÍVICA,199,141.2941176470588
2021-03-01,MILPA ALTA,FALTA CÍVICA,174,141.2941176470588
2021-04-01,MILPA ALTA,FALTA CÍVICA,178,141.2941176470588
2021-05-01,MILPA ALTA,FALTA CÍVICA,184,141.2941176470588
2021-06-01,MILPA ALTA,FALTA CÍVICA,128,141.2941176470588
2021-07-01,MILPA ALTA,FALTA CÍVICA,148,141.2941176470588
2021-08-01,MILPA ALTA,FALTA CÍVICA,146,141.2941176470588
2021-09-01,MILPA ALTA,FALTA CÍVICA,117,141.2941176470588
2021-10-01,MILPA ALTA,FALTA CÍVICA,151,141.2941176470588
2021-11-01,MILPA ALTA,FALTA CÍVICA,140,141.2941176470588
2021-12-01,MILPA ALTA,FALTA CÍVICA,100,141.2941176470588
2022-01-01,MILPA ALTA,FALTA CÍVICA,80,141.2941176470588
2022-02-01,MILPA ALTA,FALTA CÍVICA,107,141.2941176470588
2022-03-01,MILPA ALTA,FALTA CÍVICA,107,141.2941176470588
2022-04-01,MILPA ALTA,FALTA CÍVICA,143,141.2941176470588
2022-05-01,MILPA ALTA,FALTA CÍVICA,0,141.2941176470588
2021-01-01,MILPA ALTA,SERVICIO,153,171.2941176470588
2021-02-01,MILPA ALTA,SERVICIO,157,171.2941176470588
2021-03-01,MILPA ALTA,SERVICIO,192,171.2941176470588
2021-04-01,MILPA ALTA,SERVICIO,194,171.2941176470588
2021-05-01,MILPA ALTA,SERVICIO,219,171.2941176470588
2021-06-01,MILPA ALTA,SERVICIO,188,171.2941176470588
2021-07-01,MILPA ALTA,SERVICIO,191,171.2941176470588
2021-08-01,MILPA ALTA,SERVICIO,193,171.2941176470588
2021-09-01,MILPA ALTA,SERVICIO,193,171.2941176470588
2021-10-01,MILPA ALTA,SERVICIO,229,171.2941176470588
2021-11-01,MILPA ALTA,SERVICIO,163,171.2941176470588
2021-12-01,MILPA ALTA,SERVICIO,168,171.2941176470588
2022-01-01,MILPA ALTA,SERVICIO,155,171.2941176470588
2022-02-01,MILPA ALTA,SERVICIO,134,171.2941176470588
2022-03-01,MILPA ALTA,SERVICIO,217,171.2941176470588
2022-04-01,MILPA ALTA,SERVICIO,166,171.2941176470588
2022-05-01,MILPA ALTA,SERVICIO,0,171.2941176470588
2021-01-01,MILPA ALTA,URGENCIAS MÉDICAS,85,107
2021-02-01,MILPA ALTA,URGENCIAS MÉDICAS,72,107
2021-03-01,MILPA ALTA,URGENCIAS MÉDICAS,132,107
2021-04-01,MILPA ALTA,URGENCIAS MÉDICAS,116,107
2021-05-01,MILPA ALTA,URGENCIAS MÉDICAS,119,107
2021-06-01,MILPA ALTA,URGENCIAS MÉDICAS,82,107
2021-07-01,MILPA ALTA,URGENCIAS MÉDICAS,106,107
2021-08-01,MILPA ALTA,URGENCIAS MÉDICAS,136,107
2021-09-01,MILPA ALTA,URGENCIAS MÉDICAS,159,107
2021-10-01,MILPA ALTA,URGENCIAS MÉDICAS,100,107
2021-11-01,MILPA ALTA,URGENCIAS MÉDICAS,100,107
2021-12-01,MILPA ALTA,URGENCIAS MÉDICAS,122,107
2022-01-01,MILPA ALTA,URGENCIAS MÉDICAS,128,107
2022-02-01,MILPA ALTA,URGENCIAS MÉDICAS,96,107
2022-03-01,MILPA ALTA,URGENCIAS MÉDICAS,116,107
2022-04-01,MILPA ALTA,URGENCIAS MÉDICAS,148,107
2022-05-01,MILPA ALTA,URGENCIAS MÉDICAS,2,107
2021-01-01,TLAHUAC,DELITO,638,770.2352941176471
2021-02-01,TLAHUAC,DELITO,591,770.2352941176471
2021-03-01,TLAHUAC,DELITO,852,770.2352941176471
2021-04-01,TLAHUAC,DELITO,839,770.2352941176471
2021-05-01,TLAHUAC,DELITO,877,770.2352941176471
2021-06-01,TLAHUAC,DELITO,706,770.2352941176471
2021-07-01,TLAHUAC,DELITO,793,770.2352941176471
2021-08-01,TLAHUAC,DELITO,798,770.2352941176471
2021-09-01,TLAHUAC,DELITO,1050,770.2352941176471
2021-10-01,TLAHUAC,DELITO,897,770.2352941176471
2021-11-01,TLAHUAC,DELITO,852,770.2352941176471
2021-12-01,TLAHUAC,DELITO,1014,770.2352941176471
2022-01-01,TLAHUAC,DELITO,692,770.2352941176471
2022-02-01,TLAHUAC,DELITO,742,770.2352941176471
2022-03-01,TLAHUAC,DELITO,876,770.2352941176471
2022-04-01,TLAHUAC,DELITO,871,770.2352941176471
2022-05-01,TLAHUAC,DELITO,6,770.2352941176471
2021-01-01,TLAHUAC,EMERGENCIA,294,325.1764705882353
2021-02-01,TLAHUAC,EMERGENCIA,244,325.1764705882353
2021-03-01,TLAHUAC,EMERGENCIA,258,325.1764705882353
2021-04-01,TLAHUAC,EMERGENCIA,404,325.1764705882353
2021-05-01,TLAHUAC,EMERGENCIA,335,325.1764705882353
2021-06-01,TLAHUAC,EMERGENCIA,785,325.1764705882353
2021-07-01,TLAHUAC,EMERGENCIA,270,325.1764705882353
2021-08-01,TLAHUAC,EMERGENCIA,337,325.1764705882353
2021-09-01,TLAHUAC,EMERGENCIA,452,325.1764705882353
2021-10-01,TLAHUAC,EMERGENCIA,342,325.1764705882353
2021-11-01,TLAHUAC,EMERGENCIA,249,325.1764705882353
2021-12-01,TLAHUAC,EMERGENCIA,326,325.1764705882353
2022-01-01,TLAHUAC,EMERGENCIA,297,325.1764705882353
2022-02-01,TLAHUAC,EMERGENCIA,295,325.1764705882353
2022-03-01,TLAHUAC,EMERGENCIA,370,325.1764705882353
2022-04-01,TLAHUAC,EMERGENCIA,270,325.1764705882353
2022-05-01,TLAHUAC,EMERGENCIA,0,325.1764705882353
2021-01-01,TLAHUAC,FALSA ALARMA,0,0.47058823529411764
2021-02-01,TLAHUAC,FALSA ALARMA,0,0.47058823529411764
2021-03-01,TLAHUAC,FALSA ALARMA,5,0.47058823529411764
2021-04-01,TLAHUAC,FALSA ALARMA,1,0.47058823529411764
2021-05-01,TLAHUAC,FALSA ALARMA,0,0.47058823529411764
2021-06-01,TLAHUAC,FALSA ALARMA,0,0.47058823529411764
2021-07-01,TLAHUAC,FALSA ALARMA,0,0.47058823529411764
2021-08-01,TLAHUAC,FALSA ALARMA,0,0.47058823529411764
2021-09-01,TLAHUAC,FALSA ALARMA,0,0.47058823529411764
2021-10-01,TLAHUAC,FALSA ALARMA,0,0.47058823529411764
2021-11-01,TLAHUAC,FALSA ALARMA,1,0.47058823529411764
2021-12-01,TLAHUAC,FALSA ALARMA,0,0.47058823529411764
2022-01-01,TLAHUAC,FALSA ALARMA,1,0.47058823529411764
2022-02-01,TLAHUAC,FALSA ALARMA,0,0.47058823529411764
2022-03-01,TLAHUAC,FALSA ALARMA,0,0.47058823529411764
2022-04-01,TLAHUAC,FALSA ALARMA,0,0.47058823529411764
2022-05-01,TLAHUAC,FALSA ALARMA,0,0.47058823529411764
2021-01-01,TLAHUAC,FALTA CÍVICA,1164,671.8823529411765
2021-02-01,TLAHUAC,FALTA CÍVICA,973,671.8823529411765
2021-03-01,TLAHUAC,FALTA CÍVICA,1108,671.8823529411765
2021-04-01,TLAHUAC,FALTA CÍVICA,1071,671.8823529411765
2021-05-01,TLAHUAC,FALTA CÍVICA,908,671.8823529411765
2021-06-01,TLAHUAC,FALTA CÍVICA,577,671.8823529411765
2021-07-01,TLAHUAC,FALTA CÍVICA,777,671.8823529411765
2021-08-01,TLAHUAC,FALTA CÍVICA,657,671.8823529411765
2021-09-01,TLAHUAC,FALTA CÍVICA,575,671.8823529411765
2021-10-01,TLAHUAC,FALTA CÍVICA,627,671.8823529411765
2021-11-01,TLAHUAC,FALTA CÍVICA,509,671.8823529411765
2021-12-01,TLAHUAC,FALTA CÍVICA,478,671.8823529411765
2022-01-01,TLAHUAC,FALTA CÍVICA,399,671.8823529411765
2022-02-01,TLAHUAC,FALTA CÍVICA,382,671.8823529411765
2022-03-01,TLAHUAC,FALTA CÍVICA,558,671.8823529411765
2022-04-01,TLAHUAC,FALTA CÍVICA,659,671.8823529411765
2022-05-01,TLAHUAC,FALTA CÍVICA,0,671.8823529411765
2021-01-01,TLAHUAC,SERVICIO,667,726.4117647058823
2021-02-01,TLAHUAC,SERVICIO,642,726.4117647058823
2021-03-01,TLAHUAC,SERVICIO,784,726.4117647058823
2021-04-01,TLAHUAC,SERVICIO,815,726.4117647058823
2021-05-01,TLAHUAC,SERVICIO,757,726.4117647058823
2021-06-01,TLAHUAC,SERVICIO,906,726.4117647058823
2021-07-01,TLAHUAC,SERVICIO,833,726.4117647058823
2021-08-01,TLAHUAC,SERVICIO,862,726.4117647058823
2021-09-01,TLAHUAC,SERVICIO,875,726.4117647058823
2021-10-01,TLAHUAC,SERVICIO,794,726.4117647058823
2021-11-01,TLAHUAC,SERVICIO,725,726.4117647058823
2021-12-01,TLAHUAC,SERVICIO,716,726.4117647058823
2022-01-01,TLAHUAC,SERVICIO,661,726.4117647058823
2022-02-01,TLAHUAC,SERVICIO,705,726.4117647058823
2022-03-01,TLAHUAC,SERVICIO,798,726.4117647058823
2022-04-01,TLAHUAC,SERVICIO,803,726.4117647058823
2022-05-01,TLAHUAC,SERVICIO,6,726.4117647058823
2021-01-01,TLAHUAC,URGENCIAS MÉDICAS,392,451.3529411764706
2021-02-01,TLAHUAC,URGENCIAS MÉDICAS,348,451.3529411764706
2021-03-01,TLAHUAC,URGENCIAS MÉDICAS,444,451.3529411764706
2021-04-01,TLAHUAC,URGENCIAS MÉDICAS,436,451.3529411764706
2021-05-01,TLAHUAC,URGENCIAS MÉDICAS,488,451.3529411764706
2021-06-01,TLAHUAC,URGENCIAS MÉDICAS,496,451.3529411764706
2021-07-01,TLAHUAC,URGENCIAS MÉDICAS,522,451.3529411764706
2021-08-01,TLAHUAC,URGENCIAS MÉDICAS,527,451.3529411764706
2021-09-01,TLAHUAC,URGENCIAS MÉDICAS,576,451.3529411764706
2021-10-01,TLAHUAC,URGENCIAS MÉDICAS,554,451.3529411764706
2021-11-01,TLAHUAC,URGENCIAS MÉDICAS,479,451.3529411764706
2021-12-01,TLAHUAC,URGENCIAS MÉDICAS,550,451.3529411764706
2022-01-01,TLAHUAC,URGENCIAS MÉDICAS,424,451.3529411764706
2022-02-01,TLAHUAC,URGENCIAS MÉDICAS,435,451.3529411764706
2022-03-01,TLAHUAC,URGENCIAS MÉDICAS,490,451.3529411764706
2022-04-01,TLAHUAC,URGENCIAS MÉDICAS,508,451.3529411764706
2022-05-01,TLAHUAC,URGENCIAS MÉDICAS,4,451.3529411764706
2021-01-01,TLALPAN,DELITO,1501,1530.7058823529412
2021-02-01,TLALPAN,DELITO,1544,1530.7058823529412
2021-03-01,TLALPAN,DELITO,1652,1530.7058823529412
2021-04-01,TLALPAN,DELITO,1518,1530.7058823529412
2021-05-01,TLALPAN,DELITO,1845,1530.7058823529412
2021-06-01,TLALPAN,DELITO,1385,1530.7058823529412
2021-07-01,TLALPAN,DELITO,1669,1530.7058823529412
2021-08-01,TLALPAN,DELITO,1629,1530.7058823529412
2021-09-01,TLALPAN,DELITO,1836,1530.7058823529412
2021-10-01,TLALPAN,DELITO,1752,1530.7058823529412
2021-11-01,TLALPAN,DELITO,1524,1530.7058823529412
2021-12-01,TLALPAN,DELITO,1925,1530.7058823529412
2022-01-01,TLALPAN,DELITO,1456,1530.7058823529412
2022-02-01,TLALPAN,DELITO,1412,1530.7058823529412
2022-03-01,TLALPAN,DELITO,1576,1530.7058823529412
2022-04-01,TLALPAN,DELITO,1778,1530.7058823529412
2022-05-01,TLALPAN,DELITO,20,1530.7058823529412
2021-01-01,TLALPAN,EMERGENCIA,605,675.2352941176471
2021-02-01,TLALPAN,EMERGENCIA,1356,675.2352941176471
2021-03-01,TLALPAN,EMERGENCIA,1530,675.2352941176471
2021-04-01,TLALPAN,EMERGENCIA,1034,675.2352941176471
2021-05-01,TLALPAN,EMERGENCIA,609,675.2352941176471
2021-06-01,TLALPAN,EMERGENCIA,484,675.2352941176471
2021-07-01,TLALPAN,EMERGENCIA,523,675.2352941176471
2021-08-01,TLALPAN,EMERGENCIA,474,675.2352941176471
2021-09-01,TLALPAN,EMERGENCIA,639,675.2352941176471
2021-10-01,TLALPAN,EMERGENCIA,621,675.2352941176471
2021-11-01,TLALPAN,EMERGENCIA,391,675.2352941176471
2021-12-01,TLALPAN,EMERGENCIA,552,675.2352941176471
2022-01-01,TLALPAN,EMERGENCIA,624,675.2352941176471
2022-02-01,TLALPAN,EMERGENCIA,491,675.2352941176471
2022-03-01,TLALPAN,EMERGENCIA,633,675.2352941176471
2022-04-01,TLALPAN,EMERGENCIA,912,675.2352941176471
2022-05-01,TLALPAN,EMERGENCIA,1,675.2352941176471
2021-01-01,TLALPAN,FALSA ALARMA,0,2.588235294117647
2021-02-01,TLALPAN,FALSA ALARMA,0,2.588235294117647
2021-03-01,TLALPAN,FALSA ALARMA,43,2.588235294117647
2021-04-01,TLALPAN,FALSA ALARMA,0,2.588235294117647
2021-05-01,TLALPAN,FALSA ALARMA,0,2.588235294117647
2021-06-01,TLALPAN,FALSA ALARMA,0,2.588235294117647
2021-07-01,TLALPAN,FALSA ALARMA,0,2.588235294117647
2021-08-01,TLALPAN,FALSA ALARMA,0,2.588235294117647
2021-09-01,TLALPAN,FALSA ALARMA,1,2.588235294117647
2021-10-01,TLALPAN,FALSA ALARMA,0,2.588235294117647
2021-11-01,TLALPAN,FALSA ALARMA,0,2.588235294117647
2021-12-01,TLALPAN,FALSA ALARMA,0,2.588235294117647
2022-01-01,TLALPAN,FALSA ALARMA,0,2.588235294117647
2022-02-01,TLALPAN,FALSA ALARMA,0,2.588235294117647
2022-03-01,TLALPAN,FALSA ALARMA,0,2.588235294117647
2022-04-01,TLALPAN,FALSA ALARMA,0,2.588235294117647
2022-05-01,TLALPAN,FALSA ALARMA,0,2.588235294117647
2021-01-01,TLALPAN,FALTA CÍVICA,2737,1623.1176470588234
2021-02-01,TLALPAN,FALTA CÍVICA,2402,1623.1176470588234
2021-03-01,TLALPAN,FALTA CÍVICA,2492,1623.1176470588234
2021-04-01,TLALPAN,FALTA CÍVICA,2360,1623.1176470588234
2021-05-01,TLALPAN,FALTA CÍVICA,2073,1623.1176470588234
2021-06-01,TLALPAN,FALTA CÍVICA,1375,1623.1176470588234
2021-07-01,TLALPAN,FALTA CÍVICA,1560,1623.1176470588234
2021-08-01,TLALPAN,FALTA CÍVICA,1659,1623.1176470588234
2021-09-01,TLALPAN,FALTA CÍVICA,1368,1623.1176470588234
2021-10-01,TLALPAN,FALTA CÍVICA,1823,1623.1176470588234
2021-11-01,TLALPAN,FALTA CÍVICA,1146,1623.1176470588234
2021-12-01,TLALPAN,FALTA CÍVICA,1376,1623.1176470588234
2022-01-01,TLALPAN,FALTA CÍVICA,1123,1623.1176470588234
2022-02-01,TLALPAN,FALTA CÍVICA,1224,1623.1176470588234
2022-03-01,TLALPAN,FALTA CÍVICA,1330,1623.1176470588234
2022-04-01,TLALPAN,FALTA CÍVICA,1539,1623.1176470588234
2022-05-01,TLALPAN,FALTA CÍVICA,6,1623.1176470588234
2021-01-01,TLALPAN,SERVICIO,1817,1827.1764705882354
2021-02-01,TLALPAN,SERVICIO,1703,1827.1764705882354
2021-03-01,TLALPAN,SERVICIO,1955,1827.1764705882354
2021-04-01,TLALPAN,SERVICIO,1881,1827.1764705882354
2021-05-01,TLALPAN,SERVICIO,2192,1827.1764705882354
2021-06-01,TLALPAN,SERVICIO,1966,1827.1764705882354
2021-07-01,TLALPAN,SERVICIO,2068,1827.1764705882354
2021-08-01,TLALPAN,SERVICIO,2021,1827.1764705882354
2021-09-01,TLALPAN,SERVICIO,2016,1827.1764705882354
2021-10-01,TLALPAN,SERVICIO,2161,1827.1764705882354
2021-11-01,TLALPAN,SERVICIO,1855,1827.1764705882354
2021-12-01,TLALPAN,SERVICIO,1996,1827.1764705882354
2022-01-01,TLALPAN,SERVICIO,1593,1827.1764705882354
2022-02-01,TLALPAN,SERVICIO,1658,1827.1764705882354
2022-03-01,TLALPAN,SERVICIO,2023,1827.1764705882354
2022-04-01,TLALPAN,SERVICIO,2155,1827.1764705882354
2022-05-01,TLALPAN,SERVICIO,2,1827.1764705882354
2021-01-01,TLALPAN,URGENCIAS MÉDICAS,832,817.3529411764706
2021-02-01,TLALPAN,URGENCIAS MÉDICAS,629,817.3529411764706
2021-03-01,TLALPAN,URGENCIAS MÉDICAS,822,817.3529411764706
2021-04-01,TLALPAN,URGENCIAS MÉDICAS,755,817.3529411764706
2021-05-01,TLALPAN,URGENCIAS MÉDICAS,900,817.3529411764706
2021-06-01,TLALPAN,URGENCIAS MÉDICAS,962,817.3529411764706
2021-07-01,TLALPAN,URGENCIAS MÉDICAS,931,817.3529411764706
2021-08-01,TLALPAN,URGENCIAS MÉDICAS,890,817.3529411764706
2021-09-01,TLALPAN,URGENCIAS MÉDICAS,991,817.3529411764706
2021-10-01,TLALPAN,URGENCIAS MÉDICAS,989,817.3529411764706
2021-11-01,TLALPAN,URGENCIAS MÉDICAS,901,817.3529411764706
2021-12-01,TLALPAN,URGENCIAS MÉDICAS,925,817.3529411764706
2022-01-01,TLALPAN,URGENCIAS MÉDICAS,794,817.3529411764706
2022-02-01,TLALPAN,URGENCIAS MÉDICAS,773,817.3529411764706
2022-03-01,TLALPAN,URGENCIAS MÉDICAS,832,817.3529411764706
2022-04-01,TLALPAN,URGENCIAS MÉDICAS,964,817.3529411764706
2022-05-01,TLALPAN,URGENCIAS MÉDICAS,5,817.3529411764706
2021-01-01,VENUSTIANO CARRANZA,DELITO,1166,1395.5294117647059
2021-02-01,VENUSTIANO CARRANZA,DELITO,1299,1395.5294117647059
2021-03-01,VENUSTIANO CARRANZA,DELITO,1423,1395.5294117647059
2021-04-01,VENUSTIANO CARRANZA,DELITO,1377,1395.5294117647059
2021-05-01,VENUSTIANO CARRANZA,DELITO,1463,1395.5294117647059
2021-06-01,VENUSTIANO CARRANZA,DELITO,1308,1395.5294117647059
2021-07-01,VENUSTIANO CARRANZA,DELITO,1275,1395.5294117647059
2021-08-01,VENUSTIANO CARRANZA,DELITO,1542,1395.5294117647059
2021-09-01,VENUSTIANO CARRANZA,DELITO,2399,1395.5294117647059
2021-10-01,VENUSTIANO CARRANZA,DELITO,1732,1395.5294117647059
2021-11-01,VENUSTIANO CARRANZA,DELITO,1458,1395.5294117647059
2021-12-01,VENUSTIANO CARRANZA,DELITO,1551,1395.5294117647059
2022-01-01,VENUSTIANO CARRANZA,DELITO,1419,1395.5294117647059
2022-02-01,VENUSTIANO CARRANZA,DELITO,1247,1395.5294117647059
2022-03-01,VENUSTIANO CARRANZA,DELITO,1546,1395.5294117647059
2022-04-01,VENUSTIANO CARRANZA,DELITO,1506,1395.5294117647059
2022-05-01,VENUSTIANO CARRANZA,DELITO,13,1395.5294117647059
2021-01-01,VENUSTIANO CARRANZA,EMERGENCIA,331,473.70588235294116
2021-02-01,VENUSTIANO CARRANZA,EMERGENCIA,499,473.70588235294116
2021-03-01,VENUSTIANO CARRANZA,EMERGENCIA,443,473.70588235294116
2021-04-01,VENUSTIANO CARRANZA,EMERGENCIA,433,473.70588235294116
2021-05-01,VENUSTIANO CARRANZA,EMERGENCIA,375,473.70588235294116
2021-06-01,VENUSTIANO CARRANZA,EMERGENCIA,769,473.70588235294116
2021-07-01,VENUSTIANO CARRANZA,EMERGENCIA,620,473.70588235294116
2021-08-01,VENUSTIANO CARRANZA,EMERGENCIA,402,473.70588235294116
2021-09-01,VENUSTIANO CARRANZA,EMERGENCIA,766,473.70588235294116
2021-10-01,VENUSTIANO CARRANZA,EMERGENCIA,604,473.70588235294116
2021-11-01,VENUSTIANO CARRANZA,EMERGENCIA,459,473.70588235294116
2021-12-01,VENUSTIANO CARRANZA,EMERGENCIA,521,473.70588235294116
2022-01-01,VENUSTIANO CARRANZA,EMERGENCIA,516,473.70588235294116
2022-02-01,VENUSTIANO CARRANZA,EMERGENCIA,336,473.70588235294116
2022-03-01,VENUSTIANO CARRANZA,EMERGENCIA,452,473.70588235294116
2022-04-01,VENUSTIANO CARRANZA,EMERGENCIA,526,473.70588235294116
2022-05-01,VENUSTIANO CARRANZA,EMERGENCIA,1,473.70588235294116
2021-01-01,VENUSTIANO CARRANZA,FALSA ALARMA,0,1.1176470588235294
2021-02-01,VENUSTIANO CARRANZA,FALSA ALARMA,0,1.1176470588235294
2021-03-01,VENUSTIANO CARRANZA,FALSA ALARMA,19,1.1176470588235294
2021-04-01,VENUSTIANO CARRANZA,FALSA ALARMA,0,1.1176470588235294
2021-05-01,VENUSTIANO CARRANZA,FALSA ALARMA,0,1.1176470588235294
2021-06-01,VENUSTIANO CARRANZA,FALSA ALARMA,0,1.1176470588235294
2021-07-01,VENUSTIANO CARRANZA,FALSA ALARMA,0,1.1176470588235294
2021-08-01,VENUSTIANO CARRANZA,FALSA ALARMA,0,1.1176470588235294
2021-09-01,VENUSTIANO CARRANZA,FALSA ALARMA,0,1.1176470588235294
2021-10-01,VENUSTIANO CARRANZA,FALSA ALARMA,0,1.1176470588235294
2021-11-01,VENUSTIANO CARRANZA,FALSA ALARMA,0,1.1176470588235294
2021-12-01,VENUSTIANO CARRANZA,FALSA ALARMA,0,1.1176470588235294
2022-01-01,VENUSTIANO CARRANZA,FALSA ALARMA,0,1.1176470588235294
2022-02-01,VENUSTIANO CARRANZA,FALSA ALARMA,0,1.1176470588235294
2022-03-01,VENUSTIANO CARRANZA,FALSA ALARMA,0,1.1176470588235294
2022-04-01,VENUSTIANO CARRANZA,FALSA ALARMA,0,1.1176470588235294
2022-05-01,VENUSTIANO CARRANZA,FALSA ALARMA,0,1.1176470588235294
2021-01-01,VENUSTIANO CARRANZA,FALTA CÍVICA,2969,1691.9411764705883
2021-02-01,VENUSTIANO CARRANZA,FALTA CÍVICA,2334,1691.9411764705883
2021-03-01,VENUSTIANO CARRANZA,FALTA CÍVICA,2447,1691.9411764705883
2021-04-01,VENUSTIANO CARRANZA,FALTA CÍVICA,2205,1691.9411764705883
2021-05-01,VENUSTIANO CARRANZA,FALTA CÍVICA,1959,1691.9411764705883
2021-06-01,VENUSTIANO CARRANZA,FALTA CÍVICA,1427,1691.9411764705883
2021-07-01,VENUSTIANO CARRANZA,FALTA CÍVICA,1733,1691.9411764705883
2021-08-01,VENUSTIANO CARRANZA,FALTA CÍVICA,1698,1691.9411764705883
2021-09-01,VENUSTIANO CARRANZA,FALTA CÍVICA,1587,1691.9411764705883
2021-10-01,VENUSTIANO CARRANZA,FALTA CÍVICA,1822,1691.9411764705883
2021-11-01,VENUSTIANO CARRANZA,FALTA CÍVICA,1396,1691.9411764705883
2021-12-01,VENUSTIANO CARRANZA,FALTA CÍVICA,1439,1691.9411764705883
2022-01-01,VENUSTIANO CARRANZA,FALTA CÍVICA,1197,1691.9411764705883
2022-02-01,VENUSTIANO CARRANZA,FALTA CÍVICA,1298,1691.9411764705883
2022-03-01,VENUSTIANO CARRANZA,FALTA CÍVICA,1519,1691.9411764705883
2022-04-01,VENUSTIANO CARRANZA,FALTA CÍVICA,1728,1691.9411764705883
2022-05-01,VENUSTIANO CARRANZA,FALTA CÍVICA,5,1691.9411764705883
2021-01-01,VENUSTIANO CARRANZA,SERVICIO,1604,1671.4117647058824
2021-02-01,VENUSTIANO CARRANZA,SERVICIO,1550,1671.4117647058824
2021-03-01,VENUSTIANO CARRANZA,SERVICIO,1720,1671.4117647058824
2021-04-01,VENUSTIANO CARRANZA,SERVICIO,1610,1671.4117647058824
2021-05-01,VENUSTIANO CARRANZA,SERVICIO,1780,1671.4117647058824
2021-06-01,VENUSTIANO CARRANZA,SERVICIO,1835,1671.4117647058824
2021-07-01,VENUSTIANO CARRANZA,SERVICIO,1872,1671.4117647058824
2021-08-01,VENUSTIANO CARRANZA,SERVICIO,1857,1671.4117647058824
2021-09-01,VENUSTIANO CARRANZA,SERVICIO,1922,1671.4117647058824
2021-10-01,VENUSTIANO CARRANZA,SERVICIO,1851,1671.4117647058824
2021-11-01,VENUSTIANO CARRANZA,SERVICIO,1809,1671.4117647058824
2021-12-01,VENUSTIANO CARRANZA,SERVICIO,1887,1671.4117647058824
2022-01-01,VENUSTIANO CARRANZA,SERVICIO,1566,1671.4117647058824
2022-02-01,VENUSTIANO CARRANZA,SERVICIO,1625,1671.4117647058824
2022-03-01,VENUSTIANO CARRANZA,SERVICIO,1911,1671.4117647058824
2022-04-01,VENUSTIANO CARRANZA,SERVICIO,2007,1671.4117647058824
2022-05-01,VENUSTIANO CARRANZA,SERVICIO,8,1671.4117647058824
2021-01-01,VENUSTIANO CARRANZA,URGENCIAS MÉDICAS,1073,1097.0588235294117
2021-02-01,VENUSTIANO CARRANZA,URGENCIAS MÉDICAS,925,1097.0588235294117
2021-03-01,VENUSTIANO CARRANZA,URGENCIAS MÉDICAS,1145,1097.0588235294117
2021-04-01,VENUSTIANO CARRANZA,URGENCIAS MÉDICAS,1013,1097.0588235294117
2021-05-01,VENUSTIANO CARRANZA,URGENCIAS MÉDICAS,1139,1097.0588235294117
2021-06-01,VENUSTIANO CARRANZA,URGENCIAS MÉDICAS,1053,1097.0588235294117
2021-07-01,VENUSTIANO CARRANZA,URGENCIAS MÉDICAS,1162,1097.0588235294117
2021-08-01,VENUSTIANO CARRANZA,URGENCIAS MÉDICAS,1303,1097.0588235294117
2021-09-01,VENUSTIANO CARRANZA,URGENCIAS MÉDICAS,1230,1097.0588235294117
2021-10-01,VENUSTIANO CARRANZA,URGENCIAS MÉDICAS,1272,1097.0588235294117
2021-11-01,VENUSTIANO CARRANZA,URGENCIAS MÉDICAS,1227,1097.0588235294117
2021-12-01,VENUSTIANO CARRANZA,URGENCIAS MÉDICAS,1322,1097.0588235294117
2022-01-01,VENUSTIANO CARRANZA,URGENCIAS MÉDICAS,1202,1097.0588235294117
2022-02-01,VENUSTIANO CARRANZA,URGENCIAS MÉDICAS,1034,1097.0588235294117
2022-03-01,VENUSTIANO CARRANZA,URGENCIAS MÉDICAS,1290,1097.0588235294117
2022-04-01,VENUSTIANO CARRANZA,URGENCIAS MÉDICAS,1254,1097.0588235294117
2022-05-01,VENUSTIANO CARRANZA,URGENCIAS MÉDICAS,6,1097.0588235294117
2021-01-01,XOCHIMILCO,DELITO,1010,1013.1176470588235
2021-02-01,XOCHIMILCO,DELITO,904,1013.1176470588235
2021-03-01,XOCHIMILCO,DELITO,1273,1013.1176470588235
2021-04-01,XOCHIMILCO,DELITO,1081,1013.1176470588235
2021-05-01,XOCHIMILCO,DELITO,1177,1013.1176470588235
2021-06-01,XOCHIMILCO,DELITO,942,1013.1176470588235
2021-07-01,XOCHIMILCO,DELITO,1038,1013.1176470588235
2021-08-01,XOCHIMILCO,DELITO,1049,1013.1176470588235
2021-09-01,XOCHIMILCO,DELITO,1119,1013.1176470588235
2021-10-01,XOCHIMILCO,DELITO,1275,1013.1176470588235
2021-11-01,XOCHIMILCO,DELITO,1085,1013.1176470588235
2021-12-01,XOCHIMILCO,DELITO,1188,1013.1176470588235
2022-01-01,XOCHIMILCO,DELITO,1019,1013.1176470588235
2022-02-01,XOCHIMILCO,DELITO,941,1013.1176470588235
2022-03-01,XOCHIMILCO,DELITO,1085,1013.1176470588235
2022-04-01,XOCHIMILCO,DELITO,1014,1013.1176470588235
2022-05-01,XOCHIMILCO,DELITO,23,1013.1176470588235
2021-01-01,XOCHIMILCO,EMERGENCIA,693,465.29411764705884
2021-02-01,XOCHIMILCO,EMERGENCIA,684,465.29411764705884
2021-03-01,XOCHIMILCO,EMERGENCIA,677,465.29411764705884
2021-04-01,XOCHIMILCO,EMERGENCIA,714,465.29411764705884
2021-05-01,XOCHIMILCO,EMERGENCIA,502,465.29411764705884
2021-06-01,XOCHIMILCO,EMERGENCIA,432,465.29411764705884
2021-07-01,XOCHIMILCO,EMERGENCIA,317,465.29411764705884
2021-08-01,XOCHIMILCO,EMERGENCIA,430,465.29411764705884
2021-09-01,XOCHIMILCO,EMERGENCIA,552,465.29411764705884
2021-10-01,XOCHIMILCO,EMERGENCIA,385,465.29411764705884
2021-11-01,XOCHIMILCO,EMERGENCIA,335,465.29411764705884
2021-12-01,XOCHIMILCO,EMERGENCIA,421,465.29411764705884
2022-01-01,XOCHIMILCO,EMERGENCIA,345,465.29411764705884
2022-02-01,XOCHIMILCO,EMERGENCIA,483,465.29411764705884
2022-03-01,XOCHIMILCO,EMERGENCIA,496,465.29411764705884
2022-04-01,XOCHIMILCO,EMERGENCIA,442,465.29411764705884
2022-05-01,XOCHIMILCO,EMERGENCIA,2,465.29411764705884
2021-01-01,XOCHIMILCO,FALSA ALARMA,0,0.7058823529411765
2021-02-01,XOCHIMILCO,FALSA ALARMA,0,0.7058823529411765
2021-03-01,XOCHIMILCO,FALSA ALARMA,11,0.7058823529411765
2021-04-01,XOCHIMILCO,FALSA ALARMA,0,0.7058823529411765
2021-05-01,XOCHIMILCO,FALSA ALARMA,0,0.7058823529411765
2021-06-01,XOCHIMILCO,FALSA ALARMA,0,0.7058823529411765
2021-07-01,XOCHIMILCO,FALSA ALARMA,0,0.7058823529411765
2021-08-01,XOCHIMILCO,FALSA ALARMA,0,0.7058823529411765
2021-09-01,XOCHIMILCO,FALSA ALARMA,0,0.7058823529411765
2021-10-01,XOCHIMILCO,FALSA ALARMA,0,0.7058823529411765
2021-11-01,XOCHIMILCO,FALSA ALARMA,0,0.7058823529411765
2021-12-01,XOCHIMILCO,FALSA ALARMA,0,0.7058823529411765
2022-01-01,XOCHIMILCO,FALSA ALARMA,1,0.7058823529411765
2022-02-01,XOCHIMILCO,FALSA ALARMA,0,0.7058823529411765
2022-03-01,XOCHIMILCO,FALSA ALARMA,0,0.7058823529411765
2022-04-01,XOCHIMILCO,FALSA ALARMA,0,0.7058823529411765
2022-05-01,XOCHIMILCO,FALSA ALARMA,0,0.7058823529411765
2021-01-01,XOCHIMILCO,FALTA CÍVICA,1758,863.4117647058823
2021-02-01,XOCHIMILCO,FALTA CÍVICA,1271,863.4117647058823
2021-03-01,XOCHIMILCO,FALTA CÍVICA,1518,863.4117647058823
2021-04-01,XOCHIMILCO,FALTA CÍVICA,1295,863.4117647058823
2021-05-01,XOCHIMILCO,FALTA CÍVICA,1134,863.4117647058823
2021-06-01,XOCHIMILCO,FALTA CÍVICA,649,863.4117647058823
2021-07-01,XOCHIMILCO,FALTA CÍVICA,883,863.4117647058823
2021-08-01,XOCHIMILCO,FALTA CÍVICA,855,863.4117647058823
2021-09-01,XOCHIMILCO,FALTA CÍVICA,681,863.4117647058823
2021-10-01,XOCHIMILCO,FALTA CÍVICA,925,863.4117647058823
2021-11-01,XOCHIMILCO,FALTA CÍVICA,605,863.4117647058823
2021-12-01,XOCHIMILCO,FALTA CÍVICA,547,863.4117647058823
2022-01-01,XOCHIMILCO,FALTA CÍVICA,532,863.4117647058823
2022-02-01,XOCHIMILCO,FALTA CÍVICA,595,863.4117647058823
2022-03-01,XOCHIMILCO,FALTA CÍVICA,669,863.4117647058823
2022-04-01,XOCHIMILCO,FALTA CÍVICA,761,863.4117647058823
2022-05-01,XOCHIMILCO,FALTA CÍVICA,0,863.4117647058823
2021-01-01,XOCHIMILCO,SERVICIO,960,919.6470588235294
2021-02-01,XOCHIMILCO,SERVICIO,867,919.6470588235294
2021-03-01,XOCHIMILCO,SERVICIO,1097,919.6470588235294
2021-04-01,XOCHIMILCO,SERVICIO,941,919.6470588235294
2021-05-01,XOCHIMILCO,SERVICIO,941,919.6470588235294
2021-06-01,XOCHIMILCO,SERVICIO,931,919.6470588235294
2021-07-01,XOCHIMILCO,SERVICIO,982,919.6470588235294
2021-08-01,XOCHIMILCO,SERVICIO,1097,919.6470588235294
2021-09-01,XOCHIMILCO,SERVICIO,1108,919.6470588235294
2021-10-01,XOCHIMILCO,SERVICIO,1031,919.6470588235294
2021-11-01,XOCHIMILCO,SERVICIO,926,919.6470588235294
2021-12-01,XOCHIMILCO,SERVICIO,1009,919.6470588235294
2022-01-01,XOCHIMILCO,SERVICIO,898,919.6470588235294
2022-02-01,XOCHIMILCO,SERVICIO,836,919.6470588235294
2022-03-01,XOCHIMILCO,SERVICIO,948,919.6470588235294
2022-04-01,XOCHIMILCO,SERVICIO,1058,919.6470588235294
2022-05-01,XOCHIMILCO,SERVICIO,4,919.6470588235294
2021-01-01,XOCHIMILCO,URGENCIAS MÉDICAS,584,560.2941176470588
2021-02-01,XOCHIMILCO,URGENCIAS MÉDICAS,492,560.2941176470588
2021-03-01,XOCHIMILCO,URGENCIAS MÉDICAS,591,560.2941176470588
2021-04-01,XOCHIMILCO,URGENCIAS MÉDICAS,548,560.2941176470588
2021-05-01,XOCHIMILCO,URGENCIAS MÉDICAS,568,560.2941176470588
2021-06-01,XOCHIMILCO,URGENCIAS MÉDICAS,574,560.2941176470588
2021-07-01,XOCHIMILCO,URGENCIAS MÉDICAS,566,560.2941176470588
2021-08-01,XOCHIMILCO,URGENCIAS MÉDICAS,650,560.2941176470588
2021-09-01,XOCHIMILCO,URGENCIAS MÉDICAS,633,560.2941176470588
2021-10-01,XOCHIMILCO,URGENCIAS MÉDICAS,620,560.2941176470588
2021-11-01,XOCHIMILCO,URGENCIAS MÉDICAS,576,560.2941176470588
2021-12-01,XOCHIMILCO,URGENCIAS MÉDICAS,705,560.2941176470588
2022-01-01,XOCHIMILCO,URGENCIAS MÉDICAS,575,560.2941176470588
2022-02-01,XOCHIMILCO,URGENCIAS MÉDICAS,520,560.2941176470588
2022-03-01,XOCHIMILCO,URGENCIAS MÉDICAS,631,560.2941176470588
2022-04-01,XOCHIMILCO,URGENCIAS MÉDICAS,690,560.2941176470588
2022-05-01,XOCHIMILCO,URGENCIAS MÉDICAS,2,560.2941176470588
